pair_id,unordered_pair_id,shard_id,donor_entity,recipient_entity,role,source_layer_s,relay_layer_t,relay_condition,source_positions,relay_positions,recipient_margin,donor_margin,intervention_margin,baseline_separation,normalized_recovery,donor_logit,recipient_logit
scientist_Einstein_into_Newton,scientist_Einstein_Newton,0,Einstein,Newton,scientist,0,,source_patch_end_to_end,[2],[],-5.625,2.875,2.875,8.5,1.0,29.75,26.875
scientist_Einstein_into_Newton,scientist_Einstein_Newton,0,Einstein,Newton,scientist,1,,source_patch_end_to_end,[2],[],-5.625,2.875,2.75,8.5,0.9852941176470589,29.625,26.875
scientist_Einstein_into_Newton,scientist_Einstein_Newton,0,Einstein,Newton,scientist,2,,source_patch_end_to_end,[2],[],-5.625,2.875,2.875,8.5,1.0,29.625,26.75
scientist_Einstein_into_Newton,scientist_Einstein_Newton,0,Einstein,Newton,scientist,3,,source_patch_end_to_end,[2],[],-5.625,2.875,2.875,8.5,1.0,29.625,26.75
scientist_Einstein_into_Newton,scientist_Einstein_Newton,0,Einstein,Newton,scientist,4,,source_patch_end_to_end,[2],[],-5.625,2.875,2.875,8.5,1.0,29.625,26.75
scientist_Einstein_into_Newton,scientist_Einstein_Newton,0,Einstein,Newton,scientist,5,,source_patch_end_to_end,[2],[],-5.625,2.875,2.875,8.5,1.0,29.625,26.75
scientist_Einstein_into_Newton,scientist_Einstein_Newton,0,Einstein,Newton,scientist,6,,source_patch_end_to_end,[2],[],-5.625,2.875,3.0,8.5,1.0147058823529411,29.625,26.625
scientist_Einstein_into_Newton,scientist_Einstein_Newton,0,Einstein,Newton,scientist,7,,source_patch_end_to_end,[2],[],-5.625,2.875,3.0,8.5,1.0147058823529411,29.625,26.625
scientist_Einstein_into_Newton,scientist_Einstein_Newton,0,Einstein,Newton,scientist,8,,source_patch_end_to_end,[2],[],-5.625,2.875,3.0,8.5,1.0147058823529411,29.625,26.625
scientist_Einstein_into_Newton,scientist_Einstein_Newton,0,Einstein,Newton,scientist,9,,source_patch_end_to_end,[2],[],-5.625,2.875,3.5,8.5,1.0735294117647058,30.5,27.0
scientist_Einstein_into_Newton,scientist_Einstein_Newton,0,Einstein,Newton,scientist,10,,source_patch_end_to_end,[2],[],-5.625,2.875,3.125,8.5,1.0294117647058822,30.125,27.0
scientist_Einstein_into_Newton,scientist_Einstein_Newton,0,Einstein,Newton,scientist,11,,source_patch_end_to_end,[2],[],-5.625,2.875,3.125,8.5,1.0294117647058822,30.25,27.125
scientist_Einstein_into_Newton,scientist_Einstein_Newton,0,Einstein,Newton,scientist,12,,source_patch_end_to_end,[2],[],-5.625,2.875,3.0,8.5,1.0147058823529411,30.375,27.375
scientist_Einstein_into_Newton,scientist_Einstein_Newton,0,Einstein,Newton,scientist,13,,source_patch_end_to_end,[2],[],-5.625,2.875,2.875,8.5,1.0,30.25,27.375
scientist_Einstein_into_Newton,scientist_Einstein_Newton,0,Einstein,Newton,scientist,14,,source_patch_end_to_end,[2],[],-5.625,2.875,2.75,8.5,0.9852941176470589,30.25,27.5
scientist_Einstein_into_Newton,scientist_Einstein_Newton,0,Einstein,Newton,scientist,15,,source_patch_end_to_end,[2],[],-5.625,2.875,2.75,8.5,0.9852941176470589,30.25,27.5
scientist_Einstein_into_Newton,scientist_Einstein_Newton,0,Einstein,Newton,scientist,16,,source_patch_end_to_end,[2],[],-5.625,2.875,2.875,8.5,1.0,30.375,27.5
scientist_Einstein_into_Newton,scientist_Einstein_Newton,0,Einstein,Newton,scientist,17,,source_patch_end_to_end,[2],[],-5.625,2.875,2.625,8.5,0.9705882352941176,30.25,27.625
scientist_Einstein_into_Newton,scientist_Einstein_Newton,0,Einstein,Newton,scientist,18,,source_patch_end_to_end,[2],[],-5.625,2.875,2.5,8.5,0.9558823529411765,30.25,27.75
scientist_Einstein_into_Newton,scientist_Einstein_Newton,0,Einstein,Newton,scientist,19,,source_patch_end_to_end,[2],[],-5.625,2.875,2.625,8.5,0.9705882352941176,30.375,27.75
scientist_Einstein_into_Newton,scientist_Einstein_Newton,0,Einstein,Newton,scientist,20,,source_patch_end_to_end,[2],[],-5.625,2.875,2.625,8.5,0.9705882352941176,30.375,27.75
scientist_Einstein_into_Newton,scientist_Einstein_Newton,0,Einstein,Newton,scientist,21,,source_patch_end_to_end,[2],[],-5.625,2.875,2.5,8.5,0.9558823529411765,30.25,27.75
scientist_Einstein_into_Newton,scientist_Einstein_Newton,0,Einstein,Newton,scientist,22,,source_patch_end_to_end,[2],[],-5.625,2.875,2.5,8.5,0.9558823529411765,30.25,27.75
scientist_Einstein_into_Newton,scientist_Einstein_Newton,0,Einstein,Newton,scientist,23,,source_patch_end_to_end,[2],[],-5.625,2.875,1.75,8.5,0.8676470588235294,30.125,28.375
scientist_Einstein_into_Newton,scientist_Einstein_Newton,0,Einstein,Newton,scientist,24,,source_patch_end_to_end,[2],[],-5.625,2.875,-1.875,8.5,0.4411764705882353,28.25,30.125
scientist_Einstein_into_Newton,scientist_Einstein_Newton,0,Einstein,Newton,scientist,25,,source_patch_end_to_end,[2],[],-5.625,2.875,-1.75,8.5,0.45588235294117646,28.375,30.125
scientist_Einstein_into_Newton,scientist_Einstein_Newton,0,Einstein,Newton,scientist,26,,source_patch_end_to_end,[2],[],-5.625,2.875,-3.875,8.5,0.20588235294117646,26.875,30.75
scientist_Einstein_into_Newton,scientist_Einstein_Newton,0,Einstein,Newton,scientist,27,,source_patch_end_to_end,[2],[],-5.625,2.875,-4.0,8.5,0.19117647058823528,26.875,30.875
scientist_Einstein_into_Newton,scientist_Einstein_Newton,0,Einstein,Newton,scientist,28,,source_patch_end_to_end,[2],[],-5.625,2.875,-4.0,8.5,0.19117647058823528,27.0,31.0
scientist_Einstein_into_Newton,scientist_Einstein_Newton,0,Einstein,Newton,scientist,29,,source_patch_end_to_end,[2],[],-5.625,2.875,-4.125,8.5,0.17647058823529413,26.875,31.0
scientist_Einstein_into_Newton,scientist_Einstein_Newton,0,Einstein,Newton,scientist,30,,source_patch_end_to_end,[2],[],-5.625,2.875,-4.125,8.5,0.17647058823529413,26.875,31.0
scientist_Einstein_into_Newton,scientist_Einstein_Newton,0,Einstein,Newton,scientist,31,,source_patch_end_to_end,[2],[],-5.625,2.875,-4.375,8.5,0.14705882352941177,26.75,31.125
scientist_Einstein_into_Newton,scientist_Einstein_Newton,0,Einstein,Newton,scientist,32,,source_patch_end_to_end,[2],[],-5.625,2.875,-4.375,8.5,0.14705882352941177,26.75,31.125
scientist_Einstein_into_Newton,scientist_Einstein_Newton,0,Einstein,Newton,scientist,33,,source_patch_end_to_end,[2],[],-5.625,2.875,-4.5,8.5,0.1323529411764706,26.625,31.125
scientist_Einstein_into_Newton,scientist_Einstein_Newton,0,Einstein,Newton,scientist,34,,source_patch_end_to_end,[2],[],-5.625,2.875,-5.5,8.5,0.014705882352941176,26.0,31.5
scientist_Einstein_into_Newton,scientist_Einstein_Newton,0,Einstein,Newton,scientist,35,,source_patch_end_to_end,[2],[],-5.625,2.875,-5.625,8.5,0.0,25.875,31.5
scientist_Einstein_into_Darwin,scientist_Darwin_Einstein,0,Einstein,Darwin,scientist,0,,source_patch_end_to_end,[2],[],-5.875,7.125,7.375,13.0,1.0192307692307692,29.75,22.375
scientist_Einstein_into_Darwin,scientist_Darwin_Einstein,0,Einstein,Darwin,scientist,1,,source_patch_end_to_end,[2],[],-5.875,7.125,7.375,13.0,1.0192307692307692,29.625,22.25
scientist_Einstein_into_Darwin,scientist_Darwin_Einstein,0,Einstein,Darwin,scientist,2,,source_patch_end_to_end,[2],[],-5.875,7.125,7.5,13.0,1.0288461538461537,29.75,22.25
scientist_Einstein_into_Darwin,scientist_Darwin_Einstein,0,Einstein,Darwin,scientist,3,,source_patch_end_to_end,[2],[],-5.875,7.125,8.125,13.0,1.0769230769230769,30.375,22.25
scientist_Einstein_into_Darwin,scientist_Darwin_Einstein,0,Einstein,Darwin,scientist,4,,source_patch_end_to_end,[2],[],-5.875,7.125,8.375,13.0,1.0961538461538463,30.5,22.125
scientist_Einstein_into_Darwin,scientist_Darwin_Einstein,0,Einstein,Darwin,scientist,5,,source_patch_end_to_end,[2],[],-5.875,7.125,8.875,13.0,1.1346153846153846,30.75,21.875
scientist_Einstein_into_Darwin,scientist_Darwin_Einstein,0,Einstein,Darwin,scientist,6,,source_patch_end_to_end,[2],[],-5.875,7.125,8.875,13.0,1.1346153846153846,30.875,22.0
scientist_Einstein_into_Darwin,scientist_Darwin_Einstein,0,Einstein,Darwin,scientist,7,,source_patch_end_to_end,[2],[],-5.875,7.125,8.75,13.0,1.125,30.75,22.0
scientist_Einstein_into_Darwin,scientist_Darwin_Einstein,0,Einstein,Darwin,scientist,8,,source_patch_end_to_end,[2],[],-5.875,7.125,9.625,13.0,1.1923076923076923,31.375,21.75
scientist_Einstein_into_Darwin,scientist_Darwin_Einstein,0,Einstein,Darwin,scientist,9,,source_patch_end_to_end,[2],[],-5.875,7.125,9.375,13.0,1.1730769230769231,31.875,22.5
scientist_Einstein_into_Darwin,scientist_Darwin_Einstein,0,Einstein,Darwin,scientist,10,,source_patch_end_to_end,[2],[],-5.875,7.125,9.75,13.0,1.2019230769230769,32.0,22.25
scientist_Einstein_into_Darwin,scientist_Darwin_Einstein,0,Einstein,Darwin,scientist,11,,source_patch_end_to_end,[2],[],-5.875,7.125,9.0,13.0,1.1442307692307692,31.625,22.625
scientist_Einstein_into_Darwin,scientist_Darwin_Einstein,0,Einstein,Darwin,scientist,12,,source_patch_end_to_end,[2],[],-5.875,7.125,9.0,13.0,1.1442307692307692,31.5,22.5
scientist_Einstein_into_Darwin,scientist_Darwin_Einstein,0,Einstein,Darwin,scientist,13,,source_patch_end_to_end,[2],[],-5.875,7.125,9.125,13.0,1.1538461538461537,31.625,22.5
scientist_Einstein_into_Darwin,scientist_Darwin_Einstein,0,Einstein,Darwin,scientist,14,,source_patch_end_to_end,[2],[],-5.875,7.125,8.875,13.0,1.1346153846153846,31.625,22.75
scientist_Einstein_into_Darwin,scientist_Darwin_Einstein,0,Einstein,Darwin,scientist,15,,source_patch_end_to_end,[2],[],-5.875,7.125,8.875,13.0,1.1346153846153846,31.625,22.75
scientist_Einstein_into_Darwin,scientist_Darwin_Einstein,0,Einstein,Darwin,scientist,16,,source_patch_end_to_end,[2],[],-5.875,7.125,8.75,13.0,1.125,31.5,22.75
scientist_Einstein_into_Darwin,scientist_Darwin_Einstein,0,Einstein,Darwin,scientist,17,,source_patch_end_to_end,[2],[],-5.875,7.125,8.75,13.0,1.125,31.5,22.75
scientist_Einstein_into_Darwin,scientist_Darwin_Einstein,0,Einstein,Darwin,scientist,18,,source_patch_end_to_end,[2],[],-5.875,7.125,8.5,13.0,1.1057692307692308,31.375,22.875
scientist_Einstein_into_Darwin,scientist_Darwin_Einstein,0,Einstein,Darwin,scientist,19,,source_patch_end_to_end,[2],[],-5.875,7.125,8.5,13.0,1.1057692307692308,31.5,23.0
scientist_Einstein_into_Darwin,scientist_Darwin_Einstein,0,Einstein,Darwin,scientist,20,,source_patch_end_to_end,[2],[],-5.875,7.125,8.375,13.0,1.0961538461538463,31.5,23.125
scientist_Einstein_into_Darwin,scientist_Darwin_Einstein,0,Einstein,Darwin,scientist,21,,source_patch_end_to_end,[2],[],-5.875,7.125,8.25,13.0,1.0865384615384615,31.375,23.125
scientist_Einstein_into_Darwin,scientist_Darwin_Einstein,0,Einstein,Darwin,scientist,22,,source_patch_end_to_end,[2],[],-5.875,7.125,8.25,13.0,1.0865384615384615,31.375,23.125
scientist_Einstein_into_Darwin,scientist_Darwin_Einstein,0,Einstein,Darwin,scientist,23,,source_patch_end_to_end,[2],[],-5.875,7.125,7.0,13.0,0.9903846153846154,31.25,24.25
scientist_Einstein_into_Darwin,scientist_Darwin_Einstein,0,Einstein,Darwin,scientist,24,,source_patch_end_to_end,[2],[],-5.875,7.125,2.75,13.0,0.6634615384615384,30.25,27.5
scientist_Einstein_into_Darwin,scientist_Darwin_Einstein,0,Einstein,Darwin,scientist,25,,source_patch_end_to_end,[2],[],-5.875,7.125,2.875,13.0,0.6730769230769231,30.25,27.375
scientist_Einstein_into_Darwin,scientist_Darwin_Einstein,0,Einstein,Darwin,scientist,26,,source_patch_end_to_end,[2],[],-5.875,7.125,-0.625,13.0,0.40384615384615385,29.125,29.75
scientist_Einstein_into_Darwin,scientist_Darwin_Einstein,0,Einstein,Darwin,scientist,27,,source_patch_end_to_end,[2],[],-5.875,7.125,-2.375,13.0,0.2692307692307692,28.125,30.5
scientist_Einstein_into_Darwin,scientist_Darwin_Einstein,0,Einstein,Darwin,scientist,28,,source_patch_end_to_end,[2],[],-5.875,7.125,-2.125,13.0,0.28846153846153844,28.25,30.375
scientist_Einstein_into_Darwin,scientist_Darwin_Einstein,0,Einstein,Darwin,scientist,29,,source_patch_end_to_end,[2],[],-5.875,7.125,-2.875,13.0,0.23076923076923078,27.875,30.75
scientist_Einstein_into_Darwin,scientist_Darwin_Einstein,0,Einstein,Darwin,scientist,30,,source_patch_end_to_end,[2],[],-5.875,7.125,-3.0,13.0,0.22115384615384615,27.625,30.625
scientist_Einstein_into_Darwin,scientist_Darwin_Einstein,0,Einstein,Darwin,scientist,31,,source_patch_end_to_end,[2],[],-5.875,7.125,-4.125,13.0,0.1346153846153846,26.875,31.0
scientist_Einstein_into_Darwin,scientist_Darwin_Einstein,0,Einstein,Darwin,scientist,32,,source_patch_end_to_end,[2],[],-5.875,7.125,-4.75,13.0,0.08653846153846154,26.625,31.375
scientist_Einstein_into_Darwin,scientist_Darwin_Einstein,0,Einstein,Darwin,scientist,33,,source_patch_end_to_end,[2],[],-5.875,7.125,-4.875,13.0,0.07692307692307693,26.375,31.25
scientist_Einstein_into_Darwin,scientist_Darwin_Einstein,0,Einstein,Darwin,scientist,34,,source_patch_end_to_end,[2],[],-5.875,7.125,-5.75,13.0,0.009615384615384616,25.75,31.5
scientist_Einstein_into_Darwin,scientist_Darwin_Einstein,0,Einstein,Darwin,scientist,35,,source_patch_end_to_end,[2],[],-5.875,7.125,-5.875,13.0,0.0,25.625,31.5
scientist_Newton_into_Einstein,scientist_Einstein_Newton,0,Newton,Einstein,scientist,0,,source_patch_end_to_end,[2],[],-2.875,5.625,5.375,8.5,0.9705882352941176,31.375,26.0
scientist_Newton_into_Einstein,scientist_Einstein_Newton,0,Newton,Einstein,scientist,1,,source_patch_end_to_end,[2],[],-2.875,5.625,5.5,8.5,0.9852941176470589,31.5,26.0
scientist_Newton_into_Einstein,scientist_Einstein_Newton,0,Newton,Einstein,scientist,2,,source_patch_end_to_end,[2],[],-2.875,5.625,5.25,8.5,0.9558823529411765,31.25,26.0
scientist_Newton_into_Einstein,scientist_Einstein_Newton,0,Newton,Einstein,scientist,3,,source_patch_end_to_end,[2],[],-2.875,5.625,5.5,8.5,0.9852941176470589,31.625,26.125
scientist_Newton_into_Einstein,scientist_Einstein_Newton,0,Newton,Einstein,scientist,4,,source_patch_end_to_end,[2],[],-2.875,5.625,5.375,8.5,0.9705882352941176,31.5,26.125
scientist_Newton_into_Einstein,scientist_Einstein_Newton,0,Newton,Einstein,scientist,5,,source_patch_end_to_end,[2],[],-2.875,5.625,5.375,8.5,0.9705882352941176,31.5,26.125
scientist_Newton_into_Einstein,scientist_Einstein_Newton,0,Newton,Einstein,scientist,6,,source_patch_end_to_end,[2],[],-2.875,5.625,4.875,8.5,0.9117647058823529,30.875,26.0
scientist_Newton_into_Einstein,scientist_Einstein_Newton,0,Newton,Einstein,scientist,7,,source_patch_end_to_end,[2],[],-2.875,5.625,5.0,8.5,0.9264705882352942,30.875,25.875
scientist_Newton_into_Einstein,scientist_Einstein_Newton,0,Newton,Einstein,scientist,8,,source_patch_end_to_end,[2],[],-2.875,5.625,5.0,8.5,0.9264705882352942,31.0,26.0
scientist_Newton_into_Einstein,scientist_Einstein_Newton,0,Newton,Einstein,scientist,9,,source_patch_end_to_end,[2],[],-2.875,5.625,4.25,8.5,0.8382352941176471,30.5,26.25
scientist_Newton_into_Einstein,scientist_Einstein_Newton,0,Newton,Einstein,scientist,10,,source_patch_end_to_end,[2],[],-2.875,5.625,4.125,8.5,0.8235294117647058,30.5,26.375
scientist_Newton_into_Einstein,scientist_Einstein_Newton,0,Newton,Einstein,scientist,11,,source_patch_end_to_end,[2],[],-2.875,5.625,3.5,8.5,0.75,30.25,26.75
scientist_Newton_into_Einstein,scientist_Einstein_Newton,0,Newton,Einstein,scientist,12,,source_patch_end_to_end,[2],[],-2.875,5.625,3.625,8.5,0.7647058823529411,30.25,26.625
scientist_Newton_into_Einstein,scientist_Einstein_Newton,0,Newton,Einstein,scientist,13,,source_patch_end_to_end,[2],[],-2.875,5.625,3.75,8.5,0.7794117647058824,30.25,26.5
scientist_Newton_into_Einstein,scientist_Einstein_Newton,0,Newton,Einstein,scientist,14,,source_patch_end_to_end,[2],[],-2.875,5.625,3.75,8.5,0.7794117647058824,30.25,26.5
scientist_Newton_into_Einstein,scientist_Einstein_Newton,0,Newton,Einstein,scientist,15,,source_patch_end_to_end,[2],[],-2.875,5.625,3.75,8.5,0.7794117647058824,30.25,26.5
scientist_Newton_into_Einstein,scientist_Einstein_Newton,0,Newton,Einstein,scientist,16,,source_patch_end_to_end,[2],[],-2.875,5.625,3.625,8.5,0.7647058823529411,30.25,26.625
scientist_Newton_into_Einstein,scientist_Einstein_Newton,0,Newton,Einstein,scientist,17,,source_patch_end_to_end,[2],[],-2.875,5.625,3.625,8.5,0.7647058823529411,30.25,26.625
scientist_Newton_into_Einstein,scientist_Einstein_Newton,0,Newton,Einstein,scientist,18,,source_patch_end_to_end,[2],[],-2.875,5.625,3.375,8.5,0.7352941176470589,30.125,26.75
scientist_Newton_into_Einstein,scientist_Einstein_Newton,0,Newton,Einstein,scientist,19,,source_patch_end_to_end,[2],[],-2.875,5.625,3.5,8.5,0.75,30.25,26.75
scientist_Newton_into_Einstein,scientist_Einstein_Newton,0,Newton,Einstein,scientist,20,,source_patch_end_to_end,[2],[],-2.875,5.625,3.375,8.5,0.7352941176470589,30.25,26.875
scientist_Newton_into_Einstein,scientist_Einstein_Newton,0,Newton,Einstein,scientist,21,,source_patch_end_to_end,[2],[],-2.875,5.625,2.875,8.5,0.6764705882352942,30.125,27.25
scientist_Newton_into_Einstein,scientist_Einstein_Newton,0,Newton,Einstein,scientist,22,,source_patch_end_to_end,[2],[],-2.875,5.625,2.875,8.5,0.6764705882352942,30.125,27.25
scientist_Newton_into_Einstein,scientist_Einstein_Newton,0,Newton,Einstein,scientist,23,,source_patch_end_to_end,[2],[],-2.875,5.625,0.875,8.5,0.4411764705882353,29.5,28.625
scientist_Newton_into_Einstein,scientist_Einstein_Newton,0,Newton,Einstein,scientist,24,,source_patch_end_to_end,[2],[],-2.875,5.625,-1.5,8.5,0.16176470588235295,28.5,30.0
scientist_Newton_into_Einstein,scientist_Einstein_Newton,0,Newton,Einstein,scientist,25,,source_patch_end_to_end,[2],[],-2.875,5.625,-1.625,8.5,0.14705882352941177,28.375,30.0
scientist_Newton_into_Einstein,scientist_Einstein_Newton,0,Newton,Einstein,scientist,26,,source_patch_end_to_end,[2],[],-2.875,5.625,-3.0,8.5,-0.014705882352941176,27.375,30.375
scientist_Newton_into_Einstein,scientist_Einstein_Newton,0,Newton,Einstein,scientist,27,,source_patch_end_to_end,[2],[],-2.875,5.625,-3.25,8.5,-0.04411764705882353,27.25,30.5
scientist_Newton_into_Einstein,scientist_Einstein_Newton,0,Newton,Einstein,scientist,28,,source_patch_end_to_end,[2],[],-2.875,5.625,-3.375,8.5,-0.058823529411764705,27.0,30.375
scientist_Newton_into_Einstein,scientist_Einstein_Newton,0,Newton,Einstein,scientist,29,,source_patch_end_to_end,[2],[],-2.875,5.625,-2.875,8.5,0.0,27.25,30.125
scientist_Newton_into_Einstein,scientist_Einstein_Newton,0,Newton,Einstein,scientist,30,,source_patch_end_to_end,[2],[],-2.875,5.625,-3.0,8.5,-0.014705882352941176,27.125,30.125
scientist_Newton_into_Einstein,scientist_Einstein_Newton,0,Newton,Einstein,scientist,31,,source_patch_end_to_end,[2],[],-2.875,5.625,-2.75,8.5,0.014705882352941176,27.375,30.125
scientist_Newton_into_Einstein,scientist_Einstein_Newton,0,Newton,Einstein,scientist,32,,source_patch_end_to_end,[2],[],-2.875,5.625,-2.125,8.5,0.08823529411764706,27.5,29.625
scientist_Newton_into_Einstein,scientist_Einstein_Newton,0,Newton,Einstein,scientist,33,,source_patch_end_to_end,[2],[],-2.875,5.625,-2.125,8.5,0.08823529411764706,27.375,29.5
scientist_Newton_into_Einstein,scientist_Einstein_Newton,0,Newton,Einstein,scientist,34,,source_patch_end_to_end,[2],[],-2.875,5.625,-2.875,8.5,0.0,26.75,29.625
scientist_Newton_into_Einstein,scientist_Einstein_Newton,0,Newton,Einstein,scientist,35,,source_patch_end_to_end,[2],[],-2.875,5.625,-2.875,8.5,0.0,26.75,29.625
scientist_Newton_into_Darwin,scientist_Darwin_Newton,0,Newton,Darwin,scientist,0,,source_patch_end_to_end,[2],[],-6.875,7.75,8.5,14.625,1.0512820512820513,32.75,24.25
scientist_Newton_into_Darwin,scientist_Darwin_Newton,0,Newton,Darwin,scientist,1,,source_patch_end_to_end,[2],[],-6.875,7.75,8.25,14.625,1.0341880341880343,32.5,24.25
scientist_Newton_into_Darwin,scientist_Darwin_Newton,0,Newton,Darwin,scientist,2,,source_patch_end_to_end,[2],[],-6.875,7.75,8.25,14.625,1.0341880341880343,32.75,24.5
scientist_Newton_into_Darwin,scientist_Darwin_Newton,0,Newton,Darwin,scientist,3,,source_patch_end_to_end,[2],[],-6.875,7.75,8.25,14.625,1.0341880341880343,32.75,24.5
scientist_Newton_into_Darwin,scientist_Darwin_Newton,0,Newton,Darwin,scientist,4,,source_patch_end_to_end,[2],[],-6.875,7.75,8.125,14.625,1.0256410256410255,32.75,24.625
scientist_Newton_into_Darwin,scientist_Darwin_Newton,0,Newton,Darwin,scientist,5,,source_patch_end_to_end,[2],[],-6.875,7.75,8.0,14.625,1.017094017094017,32.75,24.75
scientist_Newton_into_Darwin,scientist_Darwin_Newton,0,Newton,Darwin,scientist,6,,source_patch_end_to_end,[2],[],-6.875,7.75,8.375,14.625,1.0427350427350428,33.0,24.625
scientist_Newton_into_Darwin,scientist_Darwin_Newton,0,Newton,Darwin,scientist,7,,source_patch_end_to_end,[2],[],-6.875,7.75,8.375,14.625,1.0427350427350428,33.0,24.625
scientist_Newton_into_Darwin,scientist_Darwin_Newton,0,Newton,Darwin,scientist,8,,source_patch_end_to_end,[2],[],-6.875,7.75,8.625,14.625,1.0598290598290598,33.0,24.375
scientist_Newton_into_Darwin,scientist_Darwin_Newton,0,Newton,Darwin,scientist,9,,source_patch_end_to_end,[2],[],-6.875,7.75,8.375,14.625,1.0427350427350428,33.0,24.625
scientist_Newton_into_Darwin,scientist_Darwin_Newton,0,Newton,Darwin,scientist,10,,source_patch_end_to_end,[2],[],-6.875,7.75,8.375,14.625,1.0427350427350428,33.0,24.625
scientist_Newton_into_Darwin,scientist_Darwin_Newton,0,Newton,Darwin,scientist,11,,source_patch_end_to_end,[2],[],-6.875,7.75,7.375,14.625,0.9743589743589743,32.5,25.125
scientist_Newton_into_Darwin,scientist_Darwin_Newton,0,Newton,Darwin,scientist,12,,source_patch_end_to_end,[2],[],-6.875,7.75,7.375,14.625,0.9743589743589743,32.25,24.875
scientist_Newton_into_Darwin,scientist_Darwin_Newton,0,Newton,Darwin,scientist,13,,source_patch_end_to_end,[2],[],-6.875,7.75,7.75,14.625,1.0,32.25,24.5
scientist_Newton_into_Darwin,scientist_Darwin_Newton,0,Newton,Darwin,scientist,14,,source_patch_end_to_end,[2],[],-6.875,7.75,7.5,14.625,0.9829059829059829,32.25,24.75
scientist_Newton_into_Darwin,scientist_Darwin_Newton,0,Newton,Darwin,scientist,15,,source_patch_end_to_end,[2],[],-6.875,7.75,7.625,14.625,0.9914529914529915,32.25,24.625
scientist_Newton_into_Darwin,scientist_Darwin_Newton,0,Newton,Darwin,scientist,16,,source_patch_end_to_end,[2],[],-6.875,7.75,7.625,14.625,0.9914529914529915,32.25,24.625
scientist_Newton_into_Darwin,scientist_Darwin_Newton,0,Newton,Darwin,scientist,17,,source_patch_end_to_end,[2],[],-6.875,7.75,7.625,14.625,0.9914529914529915,32.25,24.625
scientist_Newton_into_Darwin,scientist_Darwin_Newton,0,Newton,Darwin,scientist,18,,source_patch_end_to_end,[2],[],-6.875,7.75,7.625,14.625,0.9914529914529915,32.25,24.625
scientist_Newton_into_Darwin,scientist_Darwin_Newton,0,Newton,Darwin,scientist,19,,source_patch_end_to_end,[2],[],-6.875,7.75,7.75,14.625,1.0,32.25,24.5
scientist_Newton_into_Darwin,scientist_Darwin_Newton,0,Newton,Darwin,scientist,20,,source_patch_end_to_end,[2],[],-6.875,7.75,7.5,14.625,0.9829059829059829,32.25,24.75
scientist_Newton_into_Darwin,scientist_Darwin_Newton,0,Newton,Darwin,scientist,21,,source_patch_end_to_end,[2],[],-6.875,7.75,7.625,14.625,0.9914529914529915,32.5,24.875
scientist_Newton_into_Darwin,scientist_Darwin_Newton,0,Newton,Darwin,scientist,22,,source_patch_end_to_end,[2],[],-6.875,7.75,7.375,14.625,0.9743589743589743,32.25,24.875
scientist_Newton_into_Darwin,scientist_Darwin_Newton,0,Newton,Darwin,scientist,23,,source_patch_end_to_end,[2],[],-6.875,7.75,5.375,14.625,0.8376068376068376,32.0,26.625
scientist_Newton_into_Darwin,scientist_Darwin_Newton,0,Newton,Darwin,scientist,24,,source_patch_end_to_end,[2],[],-6.875,7.75,1.875,14.625,0.5982905982905983,31.125,29.25
scientist_Newton_into_Darwin,scientist_Darwin_Newton,0,Newton,Darwin,scientist,25,,source_patch_end_to_end,[2],[],-6.875,7.75,1.625,14.625,0.5811965811965812,31.0,29.375
scientist_Newton_into_Darwin,scientist_Darwin_Newton,0,Newton,Darwin,scientist,26,,source_patch_end_to_end,[2],[],-6.875,7.75,-1.0,14.625,0.4017094017094017,29.875,30.875
scientist_Newton_into_Darwin,scientist_Darwin_Newton,0,Newton,Darwin,scientist,27,,source_patch_end_to_end,[2],[],-6.875,7.75,-2.125,14.625,0.3247863247863248,29.0,31.125
scientist_Newton_into_Darwin,scientist_Darwin_Newton,0,Newton,Darwin,scientist,28,,source_patch_end_to_end,[2],[],-6.875,7.75,-2.625,14.625,0.2905982905982906,28.375,31.0
scientist_Newton_into_Darwin,scientist_Darwin_Newton,0,Newton,Darwin,scientist,29,,source_patch_end_to_end,[2],[],-6.875,7.75,-3.5,14.625,0.23076923076923078,27.625,31.125
scientist_Newton_into_Darwin,scientist_Darwin_Newton,0,Newton,Darwin,scientist,30,,source_patch_end_to_end,[2],[],-6.875,7.75,-3.625,14.625,0.2222222222222222,27.5,31.125
scientist_Newton_into_Darwin,scientist_Darwin_Newton,0,Newton,Darwin,scientist,31,,source_patch_end_to_end,[2],[],-6.875,7.75,-5.0,14.625,0.1282051282051282,26.25,31.25
scientist_Newton_into_Darwin,scientist_Darwin_Newton,0,Newton,Darwin,scientist,32,,source_patch_end_to_end,[2],[],-6.875,7.75,-5.375,14.625,0.10256410256410256,26.0,31.375
scientist_Newton_into_Darwin,scientist_Darwin_Newton,0,Newton,Darwin,scientist,33,,source_patch_end_to_end,[2],[],-6.875,7.75,-5.375,14.625,0.10256410256410256,25.875,31.25
scientist_Newton_into_Darwin,scientist_Darwin_Newton,0,Newton,Darwin,scientist,34,,source_patch_end_to_end,[2],[],-6.875,7.75,-6.75,14.625,0.008547008547008548,24.75,31.5
scientist_Newton_into_Darwin,scientist_Darwin_Newton,0,Newton,Darwin,scientist,35,,source_patch_end_to_end,[2],[],-6.875,7.75,-6.875,14.625,0.0,24.625,31.5
scientist_Darwin_into_Einstein,scientist_Darwin_Einstein,0,Darwin,Einstein,scientist,0,,source_patch_end_to_end,[2],[],-7.125,5.875,5.875,13.0,1.0,30.625,24.75
scientist_Darwin_into_Einstein,scientist_Darwin_Einstein,0,Darwin,Einstein,scientist,1,,source_patch_end_to_end,[2],[],-7.125,5.875,5.875,13.0,1.0,30.625,24.75
scientist_Darwin_into_Einstein,scientist_Darwin_Einstein,0,Darwin,Einstein,scientist,2,,source_patch_end_to_end,[2],[],-7.125,5.875,5.75,13.0,0.9903846153846154,30.5,24.75
scientist_Darwin_into_Einstein,scientist_Darwin_Einstein,0,Darwin,Einstein,scientist,3,,source_patch_end_to_end,[2],[],-7.125,5.875,5.625,13.0,0.9807692307692307,30.25,24.625
scientist_Darwin_into_Einstein,scientist_Darwin_Einstein,0,Darwin,Einstein,scientist,4,,source_patch_end_to_end,[2],[],-7.125,5.875,5.5,13.0,0.9711538461538461,30.25,24.75
scientist_Darwin_into_Einstein,scientist_Darwin_Einstein,0,Darwin,Einstein,scientist,5,,source_patch_end_to_end,[2],[],-7.125,5.875,5.5,13.0,0.9711538461538461,30.25,24.75
scientist_Darwin_into_Einstein,scientist_Darwin_Einstein,0,Darwin,Einstein,scientist,6,,source_patch_end_to_end,[2],[],-7.125,5.875,5.375,13.0,0.9615384615384616,30.125,24.75
scientist_Darwin_into_Einstein,scientist_Darwin_Einstein,0,Darwin,Einstein,scientist,7,,source_patch_end_to_end,[2],[],-7.125,5.875,5.375,13.0,0.9615384615384616,30.375,25.0
scientist_Darwin_into_Einstein,scientist_Darwin_Einstein,0,Darwin,Einstein,scientist,8,,source_patch_end_to_end,[2],[],-7.125,5.875,5.375,13.0,0.9615384615384616,30.5,25.125
scientist_Darwin_into_Einstein,scientist_Darwin_Einstein,0,Darwin,Einstein,scientist,9,,source_patch_end_to_end,[2],[],-7.125,5.875,4.625,13.0,0.9038461538461539,29.625,25.0
scientist_Darwin_into_Einstein,scientist_Darwin_Einstein,0,Darwin,Einstein,scientist,10,,source_patch_end_to_end,[2],[],-7.125,5.875,4.375,13.0,0.8846153846153846,29.625,25.25
scientist_Darwin_into_Einstein,scientist_Darwin_Einstein,0,Darwin,Einstein,scientist,11,,source_patch_end_to_end,[2],[],-7.125,5.875,3.875,13.0,0.8461538461538461,29.125,25.25
scientist_Darwin_into_Einstein,scientist_Darwin_Einstein,0,Darwin,Einstein,scientist,12,,source_patch_end_to_end,[2],[],-7.125,5.875,3.875,13.0,0.8461538461538461,29.0,25.125
scientist_Darwin_into_Einstein,scientist_Darwin_Einstein,0,Darwin,Einstein,scientist,13,,source_patch_end_to_end,[2],[],-7.125,5.875,3.875,13.0,0.8461538461538461,29.125,25.25
scientist_Darwin_into_Einstein,scientist_Darwin_Einstein,0,Darwin,Einstein,scientist,14,,source_patch_end_to_end,[2],[],-7.125,5.875,3.75,13.0,0.8365384615384616,29.125,25.375
scientist_Darwin_into_Einstein,scientist_Darwin_Einstein,0,Darwin,Einstein,scientist,15,,source_patch_end_to_end,[2],[],-7.125,5.875,3.625,13.0,0.8269230769230769,29.0,25.375
scientist_Darwin_into_Einstein,scientist_Darwin_Einstein,0,Darwin,Einstein,scientist,16,,source_patch_end_to_end,[2],[],-7.125,5.875,3.5,13.0,0.8173076923076923,29.0,25.5
scientist_Darwin_into_Einstein,scientist_Darwin_Einstein,0,Darwin,Einstein,scientist,17,,source_patch_end_to_end,[2],[],-7.125,5.875,3.5,13.0,0.8173076923076923,29.0,25.5
scientist_Darwin_into_Einstein,scientist_Darwin_Einstein,0,Darwin,Einstein,scientist,18,,source_patch_end_to_end,[2],[],-7.125,5.875,3.25,13.0,0.7980769230769231,28.875,25.625
scientist_Darwin_into_Einstein,scientist_Darwin_Einstein,0,Darwin,Einstein,scientist,19,,source_patch_end_to_end,[2],[],-7.125,5.875,3.375,13.0,0.8076923076923077,28.875,25.5
scientist_Darwin_into_Einstein,scientist_Darwin_Einstein,0,Darwin,Einstein,scientist,20,,source_patch_end_to_end,[2],[],-7.125,5.875,3.25,13.0,0.7980769230769231,28.875,25.625
scientist_Darwin_into_Einstein,scientist_Darwin_Einstein,0,Darwin,Einstein,scientist,21,,source_patch_end_to_end,[2],[],-7.125,5.875,3.0,13.0,0.7788461538461539,28.875,25.875
scientist_Darwin_into_Einstein,scientist_Darwin_Einstein,0,Darwin,Einstein,scientist,22,,source_patch_end_to_end,[2],[],-7.125,5.875,2.75,13.0,0.7596153846153846,28.875,26.125
scientist_Darwin_into_Einstein,scientist_Darwin_Einstein,0,Darwin,Einstein,scientist,23,,source_patch_end_to_end,[2],[],-7.125,5.875,-0.5,13.0,0.5096153846153846,27.5,28.0
scientist_Darwin_into_Einstein,scientist_Darwin_Einstein,0,Darwin,Einstein,scientist,24,,source_patch_end_to_end,[2],[],-7.125,5.875,-4.625,13.0,0.19230769230769232,25.25,29.875
scientist_Darwin_into_Einstein,scientist_Darwin_Einstein,0,Darwin,Einstein,scientist,25,,source_patch_end_to_end,[2],[],-7.125,5.875,-4.625,13.0,0.19230769230769232,25.25,29.875
scientist_Darwin_into_Einstein,scientist_Darwin_Einstein,0,Darwin,Einstein,scientist,26,,source_patch_end_to_end,[2],[],-7.125,5.875,-6.375,13.0,0.057692307692307696,23.875,30.25
scientist_Darwin_into_Einstein,scientist_Darwin_Einstein,0,Darwin,Einstein,scientist,27,,source_patch_end_to_end,[2],[],-7.125,5.875,-6.875,13.0,0.019230769230769232,23.375,30.25
scientist_Darwin_into_Einstein,scientist_Darwin_Einstein,0,Darwin,Einstein,scientist,28,,source_patch_end_to_end,[2],[],-7.125,5.875,-6.75,13.0,0.028846153846153848,23.5,30.25
scientist_Darwin_into_Einstein,scientist_Darwin_Einstein,0,Darwin,Einstein,scientist,29,,source_patch_end_to_end,[2],[],-7.125,5.875,-6.375,13.0,0.057692307692307696,23.75,30.125
scientist_Darwin_into_Einstein,scientist_Darwin_Einstein,0,Darwin,Einstein,scientist,30,,source_patch_end_to_end,[2],[],-7.125,5.875,-6.625,13.0,0.038461538461538464,23.5,30.125
scientist_Darwin_into_Einstein,scientist_Darwin_Einstein,0,Darwin,Einstein,scientist,31,,source_patch_end_to_end,[2],[],-7.125,5.875,-6.5,13.0,0.04807692307692308,23.625,30.125
scientist_Darwin_into_Einstein,scientist_Darwin_Einstein,0,Darwin,Einstein,scientist,32,,source_patch_end_to_end,[2],[],-7.125,5.875,-5.875,13.0,0.09615384615384616,23.75,29.625
scientist_Darwin_into_Einstein,scientist_Darwin_Einstein,0,Darwin,Einstein,scientist,33,,source_patch_end_to_end,[2],[],-7.125,5.875,-6.5,13.0,0.04807692307692308,23.0,29.5
scientist_Darwin_into_Einstein,scientist_Darwin_Einstein,0,Darwin,Einstein,scientist,34,,source_patch_end_to_end,[2],[],-7.125,5.875,-7.125,13.0,0.0,22.5,29.625
scientist_Darwin_into_Einstein,scientist_Darwin_Einstein,0,Darwin,Einstein,scientist,35,,source_patch_end_to_end,[2],[],-7.125,5.875,-7.125,13.0,0.0,22.5,29.625
scientist_Darwin_into_Newton,scientist_Darwin_Newton,0,Darwin,Newton,scientist,0,,source_patch_end_to_end,[2],[],-7.75,6.875,5.5,14.625,0.905982905982906,30.875,25.375
scientist_Darwin_into_Newton,scientist_Darwin_Newton,0,Darwin,Newton,scientist,1,,source_patch_end_to_end,[2],[],-7.75,6.875,5.375,14.625,0.8974358974358975,30.75,25.375
scientist_Darwin_into_Newton,scientist_Darwin_Newton,0,Darwin,Newton,scientist,2,,source_patch_end_to_end,[2],[],-7.75,6.875,5.375,14.625,0.8974358974358975,30.75,25.375
scientist_Darwin_into_Newton,scientist_Darwin_Newton,0,Darwin,Newton,scientist,3,,source_patch_end_to_end,[2],[],-7.75,6.875,5.25,14.625,0.8888888888888888,30.625,25.375
scientist_Darwin_into_Newton,scientist_Darwin_Newton,0,Darwin,Newton,scientist,4,,source_patch_end_to_end,[2],[],-7.75,6.875,5.375,14.625,0.8974358974358975,30.75,25.375
scientist_Darwin_into_Newton,scientist_Darwin_Newton,0,Darwin,Newton,scientist,5,,source_patch_end_to_end,[2],[],-7.75,6.875,5.25,14.625,0.8888888888888888,30.625,25.375
scientist_Darwin_into_Newton,scientist_Darwin_Newton,0,Darwin,Newton,scientist,6,,source_patch_end_to_end,[2],[],-7.75,6.875,5.375,14.625,0.8974358974358975,30.625,25.25
scientist_Darwin_into_Newton,scientist_Darwin_Newton,0,Darwin,Newton,scientist,7,,source_patch_end_to_end,[2],[],-7.75,6.875,5.375,14.625,0.8974358974358975,30.75,25.375
scientist_Darwin_into_Newton,scientist_Darwin_Newton,0,Darwin,Newton,scientist,8,,source_patch_end_to_end,[2],[],-7.75,6.875,5.25,14.625,0.8888888888888888,30.75,25.5
scientist_Darwin_into_Newton,scientist_Darwin_Newton,0,Darwin,Newton,scientist,9,,source_patch_end_to_end,[2],[],-7.75,6.875,4.375,14.625,0.8290598290598291,30.375,26.0
scientist_Darwin_into_Newton,scientist_Darwin_Newton,0,Darwin,Newton,scientist,10,,source_patch_end_to_end,[2],[],-7.75,6.875,4.0,14.625,0.8034188034188035,30.375,26.375
scientist_Darwin_into_Newton,scientist_Darwin_Newton,0,Darwin,Newton,scientist,11,,source_patch_end_to_end,[2],[],-7.75,6.875,3.625,14.625,0.7777777777777778,30.25,26.625
scientist_Darwin_into_Newton,scientist_Darwin_Newton,0,Darwin,Newton,scientist,12,,source_patch_end_to_end,[2],[],-7.75,6.875,3.75,14.625,0.7863247863247863,30.375,26.625
scientist_Darwin_into_Newton,scientist_Darwin_Newton,0,Darwin,Newton,scientist,13,,source_patch_end_to_end,[2],[],-7.75,6.875,3.875,14.625,0.7948717948717948,30.5,26.625
scientist_Darwin_into_Newton,scientist_Darwin_Newton,0,Darwin,Newton,scientist,14,,source_patch_end_to_end,[2],[],-7.75,6.875,3.25,14.625,0.7521367521367521,30.25,27.0
scientist_Darwin_into_Newton,scientist_Darwin_Newton,0,Darwin,Newton,scientist,15,,source_patch_end_to_end,[2],[],-7.75,6.875,3.25,14.625,0.7521367521367521,30.25,27.0
scientist_Darwin_into_Newton,scientist_Darwin_Newton,0,Darwin,Newton,scientist,16,,source_patch_end_to_end,[2],[],-7.75,6.875,3.25,14.625,0.7521367521367521,30.375,27.125
scientist_Darwin_into_Newton,scientist_Darwin_Newton,0,Darwin,Newton,scientist,17,,source_patch_end_to_end,[2],[],-7.75,6.875,3.125,14.625,0.7435897435897436,30.25,27.125
scientist_Darwin_into_Newton,scientist_Darwin_Newton,0,Darwin,Newton,scientist,18,,source_patch_end_to_end,[2],[],-7.75,6.875,3.125,14.625,0.7435897435897436,30.25,27.125
scientist_Darwin_into_Newton,scientist_Darwin_Newton,0,Darwin,Newton,scientist,19,,source_patch_end_to_end,[2],[],-7.75,6.875,2.875,14.625,0.7264957264957265,30.125,27.25
scientist_Darwin_into_Newton,scientist_Darwin_Newton,0,Darwin,Newton,scientist,20,,source_patch_end_to_end,[2],[],-7.75,6.875,2.875,14.625,0.7264957264957265,30.125,27.25
scientist_Darwin_into_Newton,scientist_Darwin_Newton,0,Darwin,Newton,scientist,21,,source_patch_end_to_end,[2],[],-7.75,6.875,2.875,14.625,0.7264957264957265,30.125,27.25
scientist_Darwin_into_Newton,scientist_Darwin_Newton,0,Darwin,Newton,scientist,22,,source_patch_end_to_end,[2],[],-7.75,6.875,2.875,14.625,0.7264957264957265,30.125,27.25
scientist_Darwin_into_Newton,scientist_Darwin_Newton,0,Darwin,Newton,scientist,23,,source_patch_end_to_end,[2],[],-7.75,6.875,1.125,14.625,0.6068376068376068,29.75,28.625
scientist_Darwin_into_Newton,scientist_Darwin_Newton,0,Darwin,Newton,scientist,24,,source_patch_end_to_end,[2],[],-7.75,6.875,-1.625,14.625,0.4188034188034188,28.375,30.0
scientist_Darwin_into_Newton,scientist_Darwin_Newton,0,Darwin,Newton,scientist,25,,source_patch_end_to_end,[2],[],-7.75,6.875,-1.875,14.625,0.4017094017094017,28.25,30.125
scientist_Darwin_into_Newton,scientist_Darwin_Newton,0,Darwin,Newton,scientist,26,,source_patch_end_to_end,[2],[],-7.75,6.875,-4.25,14.625,0.23931623931623933,26.625,30.875
scientist_Darwin_into_Newton,scientist_Darwin_Newton,0,Darwin,Newton,scientist,27,,source_patch_end_to_end,[2],[],-7.75,6.875,-4.625,14.625,0.21367521367521367,26.25,30.875
scientist_Darwin_into_Newton,scientist_Darwin_Newton,0,Darwin,Newton,scientist,28,,source_patch_end_to_end,[2],[],-7.75,6.875,-4.25,14.625,0.23931623931623933,26.75,31.0
scientist_Darwin_into_Newton,scientist_Darwin_Newton,0,Darwin,Newton,scientist,29,,source_patch_end_to_end,[2],[],-7.75,6.875,-4.375,14.625,0.23076923076923078,26.625,31.0
scientist_Darwin_into_Newton,scientist_Darwin_Newton,0,Darwin,Newton,scientist,30,,source_patch_end_to_end,[2],[],-7.75,6.875,-4.75,14.625,0.20512820512820512,26.375,31.125
scientist_Darwin_into_Newton,scientist_Darwin_Newton,0,Darwin,Newton,scientist,31,,source_patch_end_to_end,[2],[],-7.75,6.875,-4.375,14.625,0.23076923076923078,26.75,31.125
scientist_Darwin_into_Newton,scientist_Darwin_Newton,0,Darwin,Newton,scientist,32,,source_patch_end_to_end,[2],[],-7.75,6.875,-4.375,14.625,0.23076923076923078,26.75,31.125
scientist_Darwin_into_Newton,scientist_Darwin_Newton,0,Darwin,Newton,scientist,33,,source_patch_end_to_end,[2],[],-7.75,6.875,-6.625,14.625,0.07692307692307693,24.5,31.125
scientist_Darwin_into_Newton,scientist_Darwin_Newton,0,Darwin,Newton,scientist,34,,source_patch_end_to_end,[2],[],-7.75,6.875,-7.75,14.625,0.0,23.75,31.5
scientist_Darwin_into_Newton,scientist_Darwin_Newton,0,Darwin,Newton,scientist,35,,source_patch_end_to_end,[2],[],-7.75,6.875,-7.75,14.625,0.0,23.75,31.5
composer_Mozart_into_Bach,composer_Bach_Mozart,1,Mozart,Bach,composer,0,,source_patch_end_to_end,[2],[],-2.375,4.625,4.625,7.0,1.0,30.375,25.75
composer_Mozart_into_Bach,composer_Bach_Mozart,1,Mozart,Bach,composer,1,,source_patch_end_to_end,[2],[],-2.375,4.625,4.625,7.0,1.0,30.625,26.0
composer_Mozart_into_Bach,composer_Bach_Mozart,1,Mozart,Bach,composer,2,,source_patch_end_to_end,[2],[],-2.375,4.625,4.625,7.0,1.0,30.5,25.875
composer_Mozart_into_Bach,composer_Bach_Mozart,1,Mozart,Bach,composer,3,,source_patch_end_to_end,[2],[],-2.375,4.625,4.375,7.0,0.9642857142857143,29.875,25.5
composer_Mozart_into_Bach,composer_Bach_Mozart,1,Mozart,Bach,composer,4,,source_patch_end_to_end,[2],[],-2.375,4.625,4.25,7.0,0.9464285714285714,29.625,25.375
composer_Mozart_into_Bach,composer_Bach_Mozart,1,Mozart,Bach,composer,5,,source_patch_end_to_end,[2],[],-2.375,4.625,4.375,7.0,0.9642857142857143,29.625,25.25
composer_Mozart_into_Bach,composer_Bach_Mozart,1,Mozart,Bach,composer,6,,source_patch_end_to_end,[2],[],-2.375,4.625,4.25,7.0,0.9464285714285714,29.375,25.125
composer_Mozart_into_Bach,composer_Bach_Mozart,1,Mozart,Bach,composer,7,,source_patch_end_to_end,[2],[],-2.375,4.625,4.375,7.0,0.9642857142857143,29.5,25.125
composer_Mozart_into_Bach,composer_Bach_Mozart,1,Mozart,Bach,composer,8,,source_patch_end_to_end,[2],[],-2.375,4.625,4.375,7.0,0.9642857142857143,29.625,25.25
composer_Mozart_into_Bach,composer_Bach_Mozart,1,Mozart,Bach,composer,9,,source_patch_end_to_end,[2],[],-2.375,4.625,4.375,7.0,0.9642857142857143,29.625,25.25
composer_Mozart_into_Bach,composer_Bach_Mozart,1,Mozart,Bach,composer,10,,source_patch_end_to_end,[2],[],-2.375,4.625,4.375,7.0,0.9642857142857143,30.0,25.625
composer_Mozart_into_Bach,composer_Bach_Mozart,1,Mozart,Bach,composer,11,,source_patch_end_to_end,[2],[],-2.375,4.625,4.375,7.0,0.9642857142857143,30.25,25.875
composer_Mozart_into_Bach,composer_Bach_Mozart,1,Mozart,Bach,composer,12,,source_patch_end_to_end,[2],[],-2.375,4.625,4.375,7.0,0.9642857142857143,30.25,25.875
composer_Mozart_into_Bach,composer_Bach_Mozart,1,Mozart,Bach,composer,13,,source_patch_end_to_end,[2],[],-2.375,4.625,4.375,7.0,0.9642857142857143,30.25,25.875
composer_Mozart_into_Bach,composer_Bach_Mozart,1,Mozart,Bach,composer,14,,source_patch_end_to_end,[2],[],-2.375,4.625,4.375,7.0,0.9642857142857143,30.125,25.75
composer_Mozart_into_Bach,composer_Bach_Mozart,1,Mozart,Bach,composer,15,,source_patch_end_to_end,[2],[],-2.375,4.625,4.375,7.0,0.9642857142857143,30.125,25.75
composer_Mozart_into_Bach,composer_Bach_Mozart,1,Mozart,Bach,composer,16,,source_patch_end_to_end,[2],[],-2.375,4.625,4.375,7.0,0.9642857142857143,30.125,25.75
composer_Mozart_into_Bach,composer_Bach_Mozart,1,Mozart,Bach,composer,17,,source_patch_end_to_end,[2],[],-2.375,4.625,4.375,7.0,0.9642857142857143,30.125,25.75
composer_Mozart_into_Bach,composer_Bach_Mozart,1,Mozart,Bach,composer,18,,source_patch_end_to_end,[2],[],-2.375,4.625,4.375,7.0,0.9642857142857143,30.125,25.75
composer_Mozart_into_Bach,composer_Bach_Mozart,1,Mozart,Bach,composer,19,,source_patch_end_to_end,[2],[],-2.375,4.625,4.25,7.0,0.9464285714285714,30.125,25.875
composer_Mozart_into_Bach,composer_Bach_Mozart,1,Mozart,Bach,composer,20,,source_patch_end_to_end,[2],[],-2.375,4.625,4.25,7.0,0.9464285714285714,30.125,25.875
composer_Mozart_into_Bach,composer_Bach_Mozart,1,Mozart,Bach,composer,21,,source_patch_end_to_end,[2],[],-2.375,4.625,4.125,7.0,0.9285714285714286,30.125,26.0
composer_Mozart_into_Bach,composer_Bach_Mozart,1,Mozart,Bach,composer,22,,source_patch_end_to_end,[2],[],-2.375,4.625,4.0,7.0,0.9107142857142857,30.125,26.125
composer_Mozart_into_Bach,composer_Bach_Mozart,1,Mozart,Bach,composer,23,,source_patch_end_to_end,[2],[],-2.375,4.625,3.0,7.0,0.7678571428571429,29.75,26.75
composer_Mozart_into_Bach,composer_Bach_Mozart,1,Mozart,Bach,composer,24,,source_patch_end_to_end,[2],[],-2.375,4.625,1.5,7.0,0.5535714285714286,29.125,27.625
composer_Mozart_into_Bach,composer_Bach_Mozart,1,Mozart,Bach,composer,25,,source_patch_end_to_end,[2],[],-2.375,4.625,1.625,7.0,0.5714285714285714,29.25,27.625
composer_Mozart_into_Bach,composer_Bach_Mozart,1,Mozart,Bach,composer,26,,source_patch_end_to_end,[2],[],-2.375,4.625,-0.5,7.0,0.26785714285714285,28.125,28.625
composer_Mozart_into_Bach,composer_Bach_Mozart,1,Mozart,Bach,composer,27,,source_patch_end_to_end,[2],[],-2.375,4.625,-0.75,7.0,0.23214285714285715,28.0,28.75
composer_Mozart_into_Bach,composer_Bach_Mozart,1,Mozart,Bach,composer,28,,source_patch_end_to_end,[2],[],-2.375,4.625,-0.75,7.0,0.23214285714285715,28.0,28.75
composer_Mozart_into_Bach,composer_Bach_Mozart,1,Mozart,Bach,composer,29,,source_patch_end_to_end,[2],[],-2.375,4.625,-1.0,7.0,0.19642857142857142,27.875,28.875
composer_Mozart_into_Bach,composer_Bach_Mozart,1,Mozart,Bach,composer,30,,source_patch_end_to_end,[2],[],-2.375,4.625,-1.125,7.0,0.17857142857142858,27.75,28.875
composer_Mozart_into_Bach,composer_Bach_Mozart,1,Mozart,Bach,composer,31,,source_patch_end_to_end,[2],[],-2.375,4.625,-1.375,7.0,0.14285714285714285,27.75,29.125
composer_Mozart_into_Bach,composer_Bach_Mozart,1,Mozart,Bach,composer,32,,source_patch_end_to_end,[2],[],-2.375,4.625,-2.125,7.0,0.03571428571428571,27.625,29.75
composer_Mozart_into_Bach,composer_Bach_Mozart,1,Mozart,Bach,composer,33,,source_patch_end_to_end,[2],[],-2.375,4.625,-1.375,7.0,0.14285714285714285,27.875,29.25
composer_Mozart_into_Bach,composer_Bach_Mozart,1,Mozart,Bach,composer,34,,source_patch_end_to_end,[2],[],-2.375,4.625,-2.375,7.0,0.0,27.25,29.625
composer_Mozart_into_Bach,composer_Bach_Mozart,1,Mozart,Bach,composer,35,,source_patch_end_to_end,[2],[],-2.375,4.625,-2.375,7.0,0.0,27.375,29.75
composer_Bach_into_Mozart,composer_Bach_Mozart,1,Bach,Mozart,composer,0,,source_patch_end_to_end,[2],[],-4.625,2.375,2.125,7.0,0.9642857142857143,29.375,27.25
composer_Bach_into_Mozart,composer_Bach_Mozart,1,Bach,Mozart,composer,1,,source_patch_end_to_end,[2],[],-4.625,2.375,2.375,7.0,1.0,29.75,27.375
composer_Bach_into_Mozart,composer_Bach_Mozart,1,Bach,Mozart,composer,2,,source_patch_end_to_end,[2],[],-4.625,2.375,2.5,7.0,1.0178571428571428,30.0,27.5
composer_Bach_into_Mozart,composer_Bach_Mozart,1,Bach,Mozart,composer,3,,source_patch_end_to_end,[2],[],-4.625,2.375,2.75,7.0,1.0535714285714286,30.75,28.0
composer_Bach_into_Mozart,composer_Bach_Mozart,1,Bach,Mozart,composer,4,,source_patch_end_to_end,[2],[],-4.625,2.375,2.875,7.0,1.0714285714285714,30.875,28.0
composer_Bach_into_Mozart,composer_Bach_Mozart,1,Bach,Mozart,composer,5,,source_patch_end_to_end,[2],[],-4.625,2.375,3.0,7.0,1.0892857142857142,31.125,28.125
composer_Bach_into_Mozart,composer_Bach_Mozart,1,Bach,Mozart,composer,6,,source_patch_end_to_end,[2],[],-4.625,2.375,3.125,7.0,1.1071428571428572,31.375,28.25
composer_Bach_into_Mozart,composer_Bach_Mozart,1,Bach,Mozart,composer,7,,source_patch_end_to_end,[2],[],-4.625,2.375,3.0,7.0,1.0892857142857142,31.375,28.375
composer_Bach_into_Mozart,composer_Bach_Mozart,1,Bach,Mozart,composer,8,,source_patch_end_to_end,[2],[],-4.625,2.375,2.875,7.0,1.0714285714285714,31.0,28.125
composer_Bach_into_Mozart,composer_Bach_Mozart,1,Bach,Mozart,composer,9,,source_patch_end_to_end,[2],[],-4.625,2.375,2.75,7.0,1.0535714285714286,30.75,28.0
composer_Bach_into_Mozart,composer_Bach_Mozart,1,Bach,Mozart,composer,10,,source_patch_end_to_end,[2],[],-4.625,2.375,2.375,7.0,1.0,30.125,27.75
composer_Bach_into_Mozart,composer_Bach_Mozart,1,Bach,Mozart,composer,11,,source_patch_end_to_end,[2],[],-4.625,2.375,2.25,7.0,0.9821428571428571,29.875,27.625
composer_Bach_into_Mozart,composer_Bach_Mozart,1,Bach,Mozart,composer,12,,source_patch_end_to_end,[2],[],-4.625,2.375,2.25,7.0,0.9821428571428571,30.0,27.75
composer_Bach_into_Mozart,composer_Bach_Mozart,1,Bach,Mozart,composer,13,,source_patch_end_to_end,[2],[],-4.625,2.375,2.125,7.0,0.9642857142857143,29.875,27.75
composer_Bach_into_Mozart,composer_Bach_Mozart,1,Bach,Mozart,composer,14,,source_patch_end_to_end,[2],[],-4.625,2.375,2.125,7.0,0.9642857142857143,30.0,27.875
composer_Bach_into_Mozart,composer_Bach_Mozart,1,Bach,Mozart,composer,15,,source_patch_end_to_end,[2],[],-4.625,2.375,2.125,7.0,0.9642857142857143,30.0,27.875
composer_Bach_into_Mozart,composer_Bach_Mozart,1,Bach,Mozart,composer,16,,source_patch_end_to_end,[2],[],-4.625,2.375,2.125,7.0,0.9642857142857143,29.875,27.75
composer_Bach_into_Mozart,composer_Bach_Mozart,1,Bach,Mozart,composer,17,,source_patch_end_to_end,[2],[],-4.625,2.375,2.125,7.0,0.9642857142857143,30.0,27.875
composer_Bach_into_Mozart,composer_Bach_Mozart,1,Bach,Mozart,composer,18,,source_patch_end_to_end,[2],[],-4.625,2.375,2.125,7.0,0.9642857142857143,30.0,27.875
composer_Bach_into_Mozart,composer_Bach_Mozart,1,Bach,Mozart,composer,19,,source_patch_end_to_end,[2],[],-4.625,2.375,2.0,7.0,0.9464285714285714,29.875,27.875
composer_Bach_into_Mozart,composer_Bach_Mozart,1,Bach,Mozart,composer,20,,source_patch_end_to_end,[2],[],-4.625,2.375,2.0,7.0,0.9464285714285714,29.875,27.875
composer_Bach_into_Mozart,composer_Bach_Mozart,1,Bach,Mozart,composer,21,,source_patch_end_to_end,[2],[],-4.625,2.375,1.75,7.0,0.9107142857142857,29.875,28.125
composer_Bach_into_Mozart,composer_Bach_Mozart,1,Bach,Mozart,composer,22,,source_patch_end_to_end,[2],[],-4.625,2.375,1.625,7.0,0.8928571428571429,29.75,28.125
composer_Bach_into_Mozart,composer_Bach_Mozart,1,Bach,Mozart,composer,23,,source_patch_end_to_end,[2],[],-4.625,2.375,0.875,7.0,0.7857142857142857,29.5,28.625
composer_Bach_into_Mozart,composer_Bach_Mozart,1,Bach,Mozart,composer,24,,source_patch_end_to_end,[2],[],-4.625,2.375,-0.375,7.0,0.6071428571428571,29.0,29.375
composer_Bach_into_Mozart,composer_Bach_Mozart,1,Bach,Mozart,composer,25,,source_patch_end_to_end,[2],[],-4.625,2.375,-0.375,7.0,0.6071428571428571,29.0,29.375
composer_Bach_into_Mozart,composer_Bach_Mozart,1,Bach,Mozart,composer,26,,source_patch_end_to_end,[2],[],-4.625,2.375,-2.125,7.0,0.35714285714285715,28.375,30.5
composer_Bach_into_Mozart,composer_Bach_Mozart,1,Bach,Mozart,composer,27,,source_patch_end_to_end,[2],[],-4.625,2.375,-2.375,7.0,0.32142857142857145,28.25,30.625
composer_Bach_into_Mozart,composer_Bach_Mozart,1,Bach,Mozart,composer,28,,source_patch_end_to_end,[2],[],-4.625,2.375,-2.375,7.0,0.32142857142857145,28.0,30.375
composer_Bach_into_Mozart,composer_Bach_Mozart,1,Bach,Mozart,composer,29,,source_patch_end_to_end,[2],[],-4.625,2.375,-2.875,7.0,0.25,27.75,30.625
composer_Bach_into_Mozart,composer_Bach_Mozart,1,Bach,Mozart,composer,30,,source_patch_end_to_end,[2],[],-4.625,2.375,-2.75,7.0,0.26785714285714285,27.875,30.625
composer_Bach_into_Mozart,composer_Bach_Mozart,1,Bach,Mozart,composer,31,,source_patch_end_to_end,[2],[],-4.625,2.375,-3.125,7.0,0.21428571428571427,27.625,30.75
composer_Bach_into_Mozart,composer_Bach_Mozart,1,Bach,Mozart,composer,32,,source_patch_end_to_end,[2],[],-4.625,2.375,-3.875,7.0,0.10714285714285714,26.75,30.625
composer_Bach_into_Mozart,composer_Bach_Mozart,1,Bach,Mozart,composer,33,,source_patch_end_to_end,[2],[],-4.625,2.375,-3.625,7.0,0.14285714285714285,26.625,30.25
composer_Bach_into_Mozart,composer_Bach_Mozart,1,Bach,Mozart,composer,34,,source_patch_end_to_end,[2],[],-4.625,2.375,-4.625,7.0,0.0,26.0,30.625
composer_Bach_into_Mozart,composer_Bach_Mozart,1,Bach,Mozart,composer,35,,source_patch_end_to_end,[2],[],-4.625,2.375,-4.625,7.0,0.0,25.875,30.5
writer_Shakespeare_into_Dickens,writer_Dickens_Shakespeare,1,Shakespeare,Dickens,writer,0,,source_patch_end_to_end,[2],[],-1.75,6.25,6.375,8.0,1.015625,29.625,23.25
writer_Shakespeare_into_Dickens,writer_Dickens_Shakespeare,1,Shakespeare,Dickens,writer,1,,source_patch_end_to_end,[2],[],-1.75,6.25,6.5,8.0,1.03125,29.75,23.25
writer_Shakespeare_into_Dickens,writer_Dickens_Shakespeare,1,Shakespeare,Dickens,writer,2,,source_patch_end_to_end,[2],[],-1.75,6.25,6.25,8.0,1.0,29.5,23.25
writer_Shakespeare_into_Dickens,writer_Dickens_Shakespeare,1,Shakespeare,Dickens,writer,3,,source_patch_end_to_end,[2],[],-1.75,6.25,6.25,8.0,1.0,29.5,23.25
writer_Shakespeare_into_Dickens,writer_Dickens_Shakespeare,1,Shakespeare,Dickens,writer,4,,source_patch_end_to_end,[2],[],-1.75,6.25,6.25,8.0,1.0,29.5,23.25
writer_Shakespeare_into_Dickens,writer_Dickens_Shakespeare,1,Shakespeare,Dickens,writer,5,,source_patch_end_to_end,[2],[],-1.75,6.25,6.125,8.0,0.984375,29.375,23.25
writer_Shakespeare_into_Dickens,writer_Dickens_Shakespeare,1,Shakespeare,Dickens,writer,6,,source_patch_end_to_end,[2],[],-1.75,6.25,6.125,8.0,0.984375,29.375,23.25
writer_Shakespeare_into_Dickens,writer_Dickens_Shakespeare,1,Shakespeare,Dickens,writer,7,,source_patch_end_to_end,[2],[],-1.75,6.25,6.0,8.0,0.96875,29.375,23.375
writer_Shakespeare_into_Dickens,writer_Dickens_Shakespeare,1,Shakespeare,Dickens,writer,8,,source_patch_end_to_end,[2],[],-1.75,6.25,6.0,8.0,0.96875,29.375,23.375
writer_Shakespeare_into_Dickens,writer_Dickens_Shakespeare,1,Shakespeare,Dickens,writer,9,,source_patch_end_to_end,[2],[],-1.75,6.25,6.0,8.0,0.96875,29.375,23.375
writer_Shakespeare_into_Dickens,writer_Dickens_Shakespeare,1,Shakespeare,Dickens,writer,10,,source_patch_end_to_end,[2],[],-1.75,6.25,6.0,8.0,0.96875,29.375,23.375
writer_Shakespeare_into_Dickens,writer_Dickens_Shakespeare,1,Shakespeare,Dickens,writer,11,,source_patch_end_to_end,[2],[],-1.75,6.25,5.75,8.0,0.9375,29.125,23.375
writer_Shakespeare_into_Dickens,writer_Dickens_Shakespeare,1,Shakespeare,Dickens,writer,12,,source_patch_end_to_end,[2],[],-1.75,6.25,5.75,8.0,0.9375,29.125,23.375
writer_Shakespeare_into_Dickens,writer_Dickens_Shakespeare,1,Shakespeare,Dickens,writer,13,,source_patch_end_to_end,[2],[],-1.75,6.25,5.625,8.0,0.921875,29.0,23.375
writer_Shakespeare_into_Dickens,writer_Dickens_Shakespeare,1,Shakespeare,Dickens,writer,14,,source_patch_end_to_end,[2],[],-1.75,6.25,5.5,8.0,0.90625,29.0,23.5
writer_Shakespeare_into_Dickens,writer_Dickens_Shakespeare,1,Shakespeare,Dickens,writer,15,,source_patch_end_to_end,[2],[],-1.75,6.25,5.625,8.0,0.921875,29.125,23.5
writer_Shakespeare_into_Dickens,writer_Dickens_Shakespeare,1,Shakespeare,Dickens,writer,16,,source_patch_end_to_end,[2],[],-1.75,6.25,5.5,8.0,0.90625,29.125,23.625
writer_Shakespeare_into_Dickens,writer_Dickens_Shakespeare,1,Shakespeare,Dickens,writer,17,,source_patch_end_to_end,[2],[],-1.75,6.25,5.625,8.0,0.921875,29.25,23.625
writer_Shakespeare_into_Dickens,writer_Dickens_Shakespeare,1,Shakespeare,Dickens,writer,18,,source_patch_end_to_end,[2],[],-1.75,6.25,5.5,8.0,0.90625,29.25,23.75
writer_Shakespeare_into_Dickens,writer_Dickens_Shakespeare,1,Shakespeare,Dickens,writer,19,,source_patch_end_to_end,[2],[],-1.75,6.25,5.375,8.0,0.890625,29.125,23.75
writer_Shakespeare_into_Dickens,writer_Dickens_Shakespeare,1,Shakespeare,Dickens,writer,20,,source_patch_end_to_end,[2],[],-1.75,6.25,5.375,8.0,0.890625,29.125,23.75
writer_Shakespeare_into_Dickens,writer_Dickens_Shakespeare,1,Shakespeare,Dickens,writer,21,,source_patch_end_to_end,[2],[],-1.75,6.25,5.25,8.0,0.875,29.25,24.0
writer_Shakespeare_into_Dickens,writer_Dickens_Shakespeare,1,Shakespeare,Dickens,writer,22,,source_patch_end_to_end,[2],[],-1.75,6.25,5.25,8.0,0.875,29.375,24.125
writer_Shakespeare_into_Dickens,writer_Dickens_Shakespeare,1,Shakespeare,Dickens,writer,23,,source_patch_end_to_end,[2],[],-1.75,6.25,4.0,8.0,0.71875,28.875,24.875
writer_Shakespeare_into_Dickens,writer_Dickens_Shakespeare,1,Shakespeare,Dickens,writer,24,,source_patch_end_to_end,[2],[],-1.75,6.25,2.0,8.0,0.46875,28.125,26.125
writer_Shakespeare_into_Dickens,writer_Dickens_Shakespeare,1,Shakespeare,Dickens,writer,25,,source_patch_end_to_end,[2],[],-1.75,6.25,1.875,8.0,0.453125,28.125,26.25
writer_Shakespeare_into_Dickens,writer_Dickens_Shakespeare,1,Shakespeare,Dickens,writer,26,,source_patch_end_to_end,[2],[],-1.75,6.25,0.0,8.0,0.21875,27.25,27.25
writer_Shakespeare_into_Dickens,writer_Dickens_Shakespeare,1,Shakespeare,Dickens,writer,27,,source_patch_end_to_end,[2],[],-1.75,6.25,-0.375,8.0,0.171875,27.0,27.375
writer_Shakespeare_into_Dickens,writer_Dickens_Shakespeare,1,Shakespeare,Dickens,writer,28,,source_patch_end_to_end,[2],[],-1.75,6.25,-0.25,8.0,0.1875,27.0,27.25
writer_Shakespeare_into_Dickens,writer_Dickens_Shakespeare,1,Shakespeare,Dickens,writer,29,,source_patch_end_to_end,[2],[],-1.75,6.25,-0.375,8.0,0.171875,27.125,27.5
writer_Shakespeare_into_Dickens,writer_Dickens_Shakespeare,1,Shakespeare,Dickens,writer,30,,source_patch_end_to_end,[2],[],-1.75,6.25,-0.625,8.0,0.140625,27.0,27.625
writer_Shakespeare_into_Dickens,writer_Dickens_Shakespeare,1,Shakespeare,Dickens,writer,31,,source_patch_end_to_end,[2],[],-1.75,6.25,-1.0,8.0,0.09375,26.875,27.875
writer_Shakespeare_into_Dickens,writer_Dickens_Shakespeare,1,Shakespeare,Dickens,writer,32,,source_patch_end_to_end,[2],[],-1.75,6.25,-1.0,8.0,0.09375,26.875,27.875
writer_Shakespeare_into_Dickens,writer_Dickens_Shakespeare,1,Shakespeare,Dickens,writer,33,,source_patch_end_to_end,[2],[],-1.75,6.25,-1.125,8.0,0.078125,26.75,27.875
writer_Shakespeare_into_Dickens,writer_Dickens_Shakespeare,1,Shakespeare,Dickens,writer,34,,source_patch_end_to_end,[2],[],-1.75,6.25,-1.75,8.0,0.0,26.375,28.125
writer_Shakespeare_into_Dickens,writer_Dickens_Shakespeare,1,Shakespeare,Dickens,writer,35,,source_patch_end_to_end,[2],[],-1.75,6.25,-1.75,8.0,0.0,26.375,28.125
writer_Dickens_into_Shakespeare,writer_Dickens_Shakespeare,1,Dickens,Shakespeare,writer,0,,source_patch_end_to_end,[2],[],-6.25,1.75,1.875,8.0,1.015625,28.375,26.5
writer_Dickens_into_Shakespeare,writer_Dickens_Shakespeare,1,Dickens,Shakespeare,writer,1,,source_patch_end_to_end,[2],[],-6.25,1.75,1.875,8.0,1.015625,28.25,26.375
writer_Dickens_into_Shakespeare,writer_Dickens_Shakespeare,1,Dickens,Shakespeare,writer,2,,source_patch_end_to_end,[2],[],-6.25,1.75,2.0,8.0,1.03125,28.375,26.375
writer_Dickens_into_Shakespeare,writer_Dickens_Shakespeare,1,Dickens,Shakespeare,writer,3,,source_patch_end_to_end,[2],[],-6.25,1.75,1.875,8.0,1.015625,28.375,26.5
writer_Dickens_into_Shakespeare,writer_Dickens_Shakespeare,1,Dickens,Shakespeare,writer,4,,source_patch_end_to_end,[2],[],-6.25,1.75,1.875,8.0,1.015625,28.375,26.5
writer_Dickens_into_Shakespeare,writer_Dickens_Shakespeare,1,Dickens,Shakespeare,writer,5,,source_patch_end_to_end,[2],[],-6.25,1.75,2.25,8.0,1.0625,28.625,26.375
writer_Dickens_into_Shakespeare,writer_Dickens_Shakespeare,1,Dickens,Shakespeare,writer,6,,source_patch_end_to_end,[2],[],-6.25,1.75,2.0,8.0,1.03125,28.375,26.375
writer_Dickens_into_Shakespeare,writer_Dickens_Shakespeare,1,Dickens,Shakespeare,writer,7,,source_patch_end_to_end,[2],[],-6.25,1.75,1.875,8.0,1.015625,28.375,26.5
writer_Dickens_into_Shakespeare,writer_Dickens_Shakespeare,1,Dickens,Shakespeare,writer,8,,source_patch_end_to_end,[2],[],-6.25,1.75,2.0,8.0,1.03125,28.5,26.5
writer_Dickens_into_Shakespeare,writer_Dickens_Shakespeare,1,Dickens,Shakespeare,writer,9,,source_patch_end_to_end,[2],[],-6.25,1.75,1.625,8.0,0.984375,28.25,26.625
writer_Dickens_into_Shakespeare,writer_Dickens_Shakespeare,1,Dickens,Shakespeare,writer,10,,source_patch_end_to_end,[2],[],-6.25,1.75,1.5,8.0,0.96875,28.25,26.75
writer_Dickens_into_Shakespeare,writer_Dickens_Shakespeare,1,Dickens,Shakespeare,writer,11,,source_patch_end_to_end,[2],[],-6.25,1.75,1.75,8.0,1.0,28.75,27.0
writer_Dickens_into_Shakespeare,writer_Dickens_Shakespeare,1,Dickens,Shakespeare,writer,12,,source_patch_end_to_end,[2],[],-6.25,1.75,1.75,8.0,1.0,28.75,27.0
writer_Dickens_into_Shakespeare,writer_Dickens_Shakespeare,1,Dickens,Shakespeare,writer,13,,source_patch_end_to_end,[2],[],-6.25,1.75,1.75,8.0,1.0,28.75,27.0
writer_Dickens_into_Shakespeare,writer_Dickens_Shakespeare,1,Dickens,Shakespeare,writer,14,,source_patch_end_to_end,[2],[],-6.25,1.75,1.625,8.0,0.984375,28.625,27.0
writer_Dickens_into_Shakespeare,writer_Dickens_Shakespeare,1,Dickens,Shakespeare,writer,15,,source_patch_end_to_end,[2],[],-6.25,1.75,1.5,8.0,0.96875,28.625,27.125
writer_Dickens_into_Shakespeare,writer_Dickens_Shakespeare,1,Dickens,Shakespeare,writer,16,,source_patch_end_to_end,[2],[],-6.25,1.75,1.375,8.0,0.953125,28.375,27.0
writer_Dickens_into_Shakespeare,writer_Dickens_Shakespeare,1,Dickens,Shakespeare,writer,17,,source_patch_end_to_end,[2],[],-6.25,1.75,1.25,8.0,0.9375,28.375,27.125
writer_Dickens_into_Shakespeare,writer_Dickens_Shakespeare,1,Dickens,Shakespeare,writer,18,,source_patch_end_to_end,[2],[],-6.25,1.75,1.25,8.0,0.9375,28.375,27.125
writer_Dickens_into_Shakespeare,writer_Dickens_Shakespeare,1,Dickens,Shakespeare,writer,19,,source_patch_end_to_end,[2],[],-6.25,1.75,1.125,8.0,0.921875,28.375,27.25
writer_Dickens_into_Shakespeare,writer_Dickens_Shakespeare,1,Dickens,Shakespeare,writer,20,,source_patch_end_to_end,[2],[],-6.25,1.75,1.125,8.0,0.921875,28.375,27.25
writer_Dickens_into_Shakespeare,writer_Dickens_Shakespeare,1,Dickens,Shakespeare,writer,21,,source_patch_end_to_end,[2],[],-6.25,1.75,0.875,8.0,0.890625,28.125,27.25
writer_Dickens_into_Shakespeare,writer_Dickens_Shakespeare,1,Dickens,Shakespeare,writer,22,,source_patch_end_to_end,[2],[],-6.25,1.75,0.875,8.0,0.890625,28.125,27.25
writer_Dickens_into_Shakespeare,writer_Dickens_Shakespeare,1,Dickens,Shakespeare,writer,23,,source_patch_end_to_end,[2],[],-6.25,1.75,-0.625,8.0,0.703125,27.625,28.25
writer_Dickens_into_Shakespeare,writer_Dickens_Shakespeare,1,Dickens,Shakespeare,writer,24,,source_patch_end_to_end,[2],[],-6.25,1.75,-3.25,8.0,0.375,26.25,29.5
writer_Dickens_into_Shakespeare,writer_Dickens_Shakespeare,1,Dickens,Shakespeare,writer,25,,source_patch_end_to_end,[2],[],-6.25,1.75,-3.375,8.0,0.359375,26.125,29.5
writer_Dickens_into_Shakespeare,writer_Dickens_Shakespeare,1,Dickens,Shakespeare,writer,26,,source_patch_end_to_end,[2],[],-6.25,1.75,-5.875,8.0,0.046875,24.375,30.25
writer_Dickens_into_Shakespeare,writer_Dickens_Shakespeare,1,Dickens,Shakespeare,writer,27,,source_patch_end_to_end,[2],[],-6.25,1.75,-6.25,8.0,0.0,24.125,30.375
writer_Dickens_into_Shakespeare,writer_Dickens_Shakespeare,1,Dickens,Shakespeare,writer,28,,source_patch_end_to_end,[2],[],-6.25,1.75,-6.125,8.0,0.015625,24.125,30.25
writer_Dickens_into_Shakespeare,writer_Dickens_Shakespeare,1,Dickens,Shakespeare,writer,29,,source_patch_end_to_end,[2],[],-6.25,1.75,-5.625,8.0,0.078125,24.125,29.75
writer_Dickens_into_Shakespeare,writer_Dickens_Shakespeare,1,Dickens,Shakespeare,writer,30,,source_patch_end_to_end,[2],[],-6.25,1.75,-5.875,8.0,0.046875,24.0,29.875
writer_Dickens_into_Shakespeare,writer_Dickens_Shakespeare,1,Dickens,Shakespeare,writer,31,,source_patch_end_to_end,[2],[],-6.25,1.75,-6.125,8.0,0.015625,23.75,29.875
writer_Dickens_into_Shakespeare,writer_Dickens_Shakespeare,1,Dickens,Shakespeare,writer,32,,source_patch_end_to_end,[2],[],-6.25,1.75,-6.0,8.0,0.03125,23.75,29.75
writer_Dickens_into_Shakespeare,writer_Dickens_Shakespeare,1,Dickens,Shakespeare,writer,33,,source_patch_end_to_end,[2],[],-6.25,1.75,-5.75,8.0,0.0625,23.75,29.5
writer_Dickens_into_Shakespeare,writer_Dickens_Shakespeare,1,Dickens,Shakespeare,writer,34,,source_patch_end_to_end,[2],[],-6.25,1.75,-6.375,8.0,-0.015625,23.25,29.625
writer_Dickens_into_Shakespeare,writer_Dickens_Shakespeare,1,Dickens,Shakespeare,writer,35,,source_patch_end_to_end,[2],[],-6.25,1.75,-6.25,8.0,0.0,23.375,29.625
country_France_into_Japan,country_France_Japan,1,France,Japan,country,0,,source_patch_end_to_end,[2],[],-5.0,5.875,6.0,10.875,1.0114942528735633,28.5,22.5
country_France_into_Japan,country_France_Japan,1,France,Japan,country,1,,source_patch_end_to_end,[2],[],-5.0,5.875,6.0,10.875,1.0114942528735633,28.5,22.5
country_France_into_Japan,country_France_Japan,1,France,Japan,country,2,,source_patch_end_to_end,[2],[],-5.0,5.875,6.0,10.875,1.0114942528735633,28.5,22.5
country_France_into_Japan,country_France_Japan,1,France,Japan,country,3,,source_patch_end_to_end,[2],[],-5.0,5.875,6.0,10.875,1.0114942528735633,28.5,22.5
country_France_into_Japan,country_France_Japan,1,France,Japan,country,4,,source_patch_end_to_end,[2],[],-5.0,5.875,6.0,10.875,1.0114942528735633,28.5,22.5
country_France_into_Japan,country_France_Japan,1,France,Japan,country,5,,source_patch_end_to_end,[2],[],-5.0,5.875,6.0,10.875,1.0114942528735633,28.5,22.5
country_France_into_Japan,country_France_Japan,1,France,Japan,country,6,,source_patch_end_to_end,[2],[],-5.0,5.875,6.0,10.875,1.0114942528735633,28.5,22.5
country_France_into_Japan,country_France_Japan,1,France,Japan,country,7,,source_patch_end_to_end,[2],[],-5.0,5.875,6.0,10.875,1.0114942528735633,28.5,22.5
country_France_into_Japan,country_France_Japan,1,France,Japan,country,8,,source_patch_end_to_end,[2],[],-5.0,5.875,5.75,10.875,0.9885057471264368,28.375,22.625
country_France_into_Japan,country_France_Japan,1,France,Japan,country,9,,source_patch_end_to_end,[2],[],-5.0,5.875,5.25,10.875,0.9425287356321839,28.375,23.125
country_France_into_Japan,country_France_Japan,1,France,Japan,country,10,,source_patch_end_to_end,[2],[],-5.0,5.875,5.0,10.875,0.9195402298850575,28.25,23.25
country_France_into_Japan,country_France_Japan,1,France,Japan,country,11,,source_patch_end_to_end,[2],[],-5.0,5.875,5.0,10.875,0.9195402298850575,28.25,23.25
country_France_into_Japan,country_France_Japan,1,France,Japan,country,12,,source_patch_end_to_end,[2],[],-5.0,5.875,5.0,10.875,0.9195402298850575,28.25,23.25
country_France_into_Japan,country_France_Japan,1,France,Japan,country,13,,source_patch_end_to_end,[2],[],-5.0,5.875,5.0,10.875,0.9195402298850575,28.25,23.25
country_France_into_Japan,country_France_Japan,1,France,Japan,country,14,,source_patch_end_to_end,[2],[],-5.0,5.875,5.0,10.875,0.9195402298850575,28.25,23.25
country_France_into_Japan,country_France_Japan,1,France,Japan,country,15,,source_patch_end_to_end,[2],[],-5.0,5.875,5.0,10.875,0.9195402298850575,28.25,23.25
country_France_into_Japan,country_France_Japan,1,France,Japan,country,16,,source_patch_end_to_end,[2],[],-5.0,5.875,4.875,10.875,0.9080459770114943,28.25,23.375
country_France_into_Japan,country_France_Japan,1,France,Japan,country,17,,source_patch_end_to_end,[2],[],-5.0,5.875,4.75,10.875,0.896551724137931,28.125,23.375
country_France_into_Japan,country_France_Japan,1,France,Japan,country,18,,source_patch_end_to_end,[2],[],-5.0,5.875,4.75,10.875,0.896551724137931,28.125,23.375
country_France_into_Japan,country_France_Japan,1,France,Japan,country,19,,source_patch_end_to_end,[2],[],-5.0,5.875,4.75,10.875,0.896551724137931,28.125,23.375
country_France_into_Japan,country_France_Japan,1,France,Japan,country,20,,source_patch_end_to_end,[2],[],-5.0,5.875,4.75,10.875,0.896551724137931,28.125,23.375
country_France_into_Japan,country_France_Japan,1,France,Japan,country,21,,source_patch_end_to_end,[2],[],-5.0,5.875,4.5,10.875,0.8735632183908046,28.0,23.5
country_France_into_Japan,country_France_Japan,1,France,Japan,country,22,,source_patch_end_to_end,[2],[],-5.0,5.875,4.5,10.875,0.8735632183908046,28.0,23.5
country_France_into_Japan,country_France_Japan,1,France,Japan,country,23,,source_patch_end_to_end,[2],[],-5.0,5.875,3.875,10.875,0.8160919540229885,27.875,24.0
country_France_into_Japan,country_France_Japan,1,France,Japan,country,24,,source_patch_end_to_end,[2],[],-5.0,5.875,-1.625,10.875,0.3103448275862069,25.625,27.25
country_France_into_Japan,country_France_Japan,1,France,Japan,country,25,,source_patch_end_to_end,[2],[],-5.0,5.875,-1.625,10.875,0.3103448275862069,25.625,27.25
country_France_into_Japan,country_France_Japan,1,France,Japan,country,26,,source_patch_end_to_end,[2],[],-5.0,5.875,-3.25,10.875,0.16091954022988506,24.5,27.75
country_France_into_Japan,country_France_Japan,1,France,Japan,country,27,,source_patch_end_to_end,[2],[],-5.0,5.875,-3.375,10.875,0.14942528735632185,24.375,27.75
country_France_into_Japan,country_France_Japan,1,France,Japan,country,28,,source_patch_end_to_end,[2],[],-5.0,5.875,-3.375,10.875,0.14942528735632185,24.375,27.75
country_France_into_Japan,country_France_Japan,1,France,Japan,country,29,,source_patch_end_to_end,[2],[],-5.0,5.875,-3.25,10.875,0.16091954022988506,24.375,27.625
country_France_into_Japan,country_France_Japan,1,France,Japan,country,30,,source_patch_end_to_end,[2],[],-5.0,5.875,-3.25,10.875,0.16091954022988506,24.375,27.625
country_France_into_Japan,country_France_Japan,1,France,Japan,country,31,,source_patch_end_to_end,[2],[],-5.0,5.875,-4.375,10.875,0.05747126436781609,23.25,27.625
country_France_into_Japan,country_France_Japan,1,France,Japan,country,32,,source_patch_end_to_end,[2],[],-5.0,5.875,-4.375,10.875,0.05747126436781609,23.25,27.625
country_France_into_Japan,country_France_Japan,1,France,Japan,country,33,,source_patch_end_to_end,[2],[],-5.0,5.875,-4.5,10.875,0.04597701149425287,23.25,27.75
country_France_into_Japan,country_France_Japan,1,France,Japan,country,34,,source_patch_end_to_end,[2],[],-5.0,5.875,-5.0,10.875,0.0,22.875,27.875
country_France_into_Japan,country_France_Japan,1,France,Japan,country,35,,source_patch_end_to_end,[2],[],-5.0,5.875,-5.0,10.875,0.0,22.875,27.875
country_Japan_into_France,country_France_Japan,2,Japan,France,country,0,,source_patch_end_to_end,[2],[],-5.875,5.0,4.875,10.875,0.9885057471264368,27.875,23.0
country_Japan_into_France,country_France_Japan,2,Japan,France,country,1,,source_patch_end_to_end,[2],[],-5.875,5.0,4.875,10.875,0.9885057471264368,27.875,23.0
country_Japan_into_France,country_France_Japan,2,Japan,France,country,2,,source_patch_end_to_end,[2],[],-5.875,5.0,4.875,10.875,0.9885057471264368,27.875,23.0
country_Japan_into_France,country_France_Japan,2,Japan,France,country,3,,source_patch_end_to_end,[2],[],-5.875,5.0,4.875,10.875,0.9885057471264368,27.875,23.0
country_Japan_into_France,country_France_Japan,2,Japan,France,country,4,,source_patch_end_to_end,[2],[],-5.875,5.0,5.0,10.875,1.0,28.0,23.0
country_Japan_into_France,country_France_Japan,2,Japan,France,country,5,,source_patch_end_to_end,[2],[],-5.875,5.0,4.875,10.875,0.9885057471264368,27.875,23.0
country_Japan_into_France,country_France_Japan,2,Japan,France,country,6,,source_patch_end_to_end,[2],[],-5.875,5.0,4.75,10.875,0.9770114942528736,27.875,23.125
country_Japan_into_France,country_France_Japan,2,Japan,France,country,7,,source_patch_end_to_end,[2],[],-5.875,5.0,4.75,10.875,0.9770114942528736,27.875,23.125
country_Japan_into_France,country_France_Japan,2,Japan,France,country,8,,source_patch_end_to_end,[2],[],-5.875,5.0,4.75,10.875,0.9770114942528736,27.875,23.125
country_Japan_into_France,country_France_Japan,2,Japan,France,country,9,,source_patch_end_to_end,[2],[],-5.875,5.0,4.125,10.875,0.9195402298850575,27.75,23.625
country_Japan_into_France,country_France_Japan,2,Japan,France,country,10,,source_patch_end_to_end,[2],[],-5.875,5.0,3.875,10.875,0.896551724137931,27.875,24.0
country_Japan_into_France,country_France_Japan,2,Japan,France,country,11,,source_patch_end_to_end,[2],[],-5.875,5.0,3.875,10.875,0.896551724137931,27.875,24.0
country_Japan_into_France,country_France_Japan,2,Japan,France,country,12,,source_patch_end_to_end,[2],[],-5.875,5.0,3.875,10.875,0.896551724137931,27.875,24.0
country_Japan_into_France,country_France_Japan,2,Japan,France,country,13,,source_patch_end_to_end,[2],[],-5.875,5.0,4.0,10.875,0.9080459770114943,27.875,23.875
country_Japan_into_France,country_France_Japan,2,Japan,France,country,14,,source_patch_end_to_end,[2],[],-5.875,5.0,3.875,10.875,0.896551724137931,27.875,24.0
country_Japan_into_France,country_France_Japan,2,Japan,France,country,15,,source_patch_end_to_end,[2],[],-5.875,5.0,3.875,10.875,0.896551724137931,27.75,23.875
country_Japan_into_France,country_France_Japan,2,Japan,France,country,16,,source_patch_end_to_end,[2],[],-5.875,5.0,3.875,10.875,0.896551724137931,27.875,24.0
country_Japan_into_France,country_France_Japan,2,Japan,France,country,17,,source_patch_end_to_end,[2],[],-5.875,5.0,3.875,10.875,0.896551724137931,27.875,24.0
country_Japan_into_France,country_France_Japan,2,Japan,France,country,18,,source_patch_end_to_end,[2],[],-5.875,5.0,3.75,10.875,0.8850574712643678,27.875,24.125
country_Japan_into_France,country_France_Japan,2,Japan,France,country,19,,source_patch_end_to_end,[2],[],-5.875,5.0,3.75,10.875,0.8850574712643678,27.75,24.0
country_Japan_into_France,country_France_Japan,2,Japan,France,country,20,,source_patch_end_to_end,[2],[],-5.875,5.0,3.75,10.875,0.8850574712643678,27.75,24.0
country_Japan_into_France,country_France_Japan,2,Japan,France,country,21,,source_patch_end_to_end,[2],[],-5.875,5.0,3.75,10.875,0.8850574712643678,27.875,24.125
country_Japan_into_France,country_France_Japan,2,Japan,France,country,22,,source_patch_end_to_end,[2],[],-5.875,5.0,3.75,10.875,0.8850574712643678,27.875,24.125
country_Japan_into_France,country_France_Japan,2,Japan,France,country,23,,source_patch_end_to_end,[2],[],-5.875,5.0,3.25,10.875,0.8390804597701149,27.75,24.5
country_Japan_into_France,country_France_Japan,2,Japan,France,country,24,,source_patch_end_to_end,[2],[],-5.875,5.0,-2.125,10.875,0.3448275862068966,25.375,27.5
country_Japan_into_France,country_France_Japan,2,Japan,France,country,25,,source_patch_end_to_end,[2],[],-5.875,5.0,-2.125,10.875,0.3448275862068966,25.375,27.5
country_Japan_into_France,country_France_Japan,2,Japan,France,country,26,,source_patch_end_to_end,[2],[],-5.875,5.0,-4.0,10.875,0.1724137931034483,24.125,28.125
country_Japan_into_France,country_France_Japan,2,Japan,France,country,27,,source_patch_end_to_end,[2],[],-5.875,5.0,-4.375,10.875,0.13793103448275862,23.75,28.125
country_Japan_into_France,country_France_Japan,2,Japan,France,country,28,,source_patch_end_to_end,[2],[],-5.875,5.0,-4.375,10.875,0.13793103448275862,23.875,28.25
country_Japan_into_France,country_France_Japan,2,Japan,France,country,29,,source_patch_end_to_end,[2],[],-5.875,5.0,-4.25,10.875,0.14942528735632185,23.875,28.125
country_Japan_into_France,country_France_Japan,2,Japan,France,country,30,,source_patch_end_to_end,[2],[],-5.875,5.0,-4.375,10.875,0.13793103448275862,23.875,28.25
country_Japan_into_France,country_France_Japan,2,Japan,France,country,31,,source_patch_end_to_end,[2],[],-5.875,5.0,-5.25,10.875,0.05747126436781609,23.0,28.25
country_Japan_into_France,country_France_Japan,2,Japan,France,country,32,,source_patch_end_to_end,[2],[],-5.875,5.0,-5.375,10.875,0.04597701149425287,22.875,28.25
country_Japan_into_France,country_France_Japan,2,Japan,France,country,33,,source_patch_end_to_end,[2],[],-5.875,5.0,-5.5,10.875,0.034482758620689655,22.75,28.25
country_Japan_into_France,country_France_Japan,2,Japan,France,country,34,,source_patch_end_to_end,[2],[],-5.875,5.0,-6.0,10.875,-0.011494252873563218,22.5,28.5
country_Japan_into_France,country_France_Japan,2,Japan,France,country,35,,source_patch_end_to_end,[2],[],-5.875,5.0,-5.875,10.875,0.0,22.625,28.5
city_Paris_into_Tokyo,city_Paris_Tokyo,2,Paris,Tokyo,city,0,,source_patch_end_to_end,[2],[],-3.25,7.125,7.0,10.375,0.9879518072289156,27.375,20.375
city_Paris_into_Tokyo,city_Paris_Tokyo,2,Paris,Tokyo,city,1,,source_patch_end_to_end,[2],[],-3.25,7.125,7.125,10.375,1.0,27.5,20.375
city_Paris_into_Tokyo,city_Paris_Tokyo,2,Paris,Tokyo,city,2,,source_patch_end_to_end,[2],[],-3.25,7.125,7.125,10.375,1.0,27.5,20.375
city_Paris_into_Tokyo,city_Paris_Tokyo,2,Paris,Tokyo,city,3,,source_patch_end_to_end,[2],[],-3.25,7.125,6.875,10.375,0.9759036144578314,27.375,20.5
city_Paris_into_Tokyo,city_Paris_Tokyo,2,Paris,Tokyo,city,4,,source_patch_end_to_end,[2],[],-3.25,7.125,6.875,10.375,0.9759036144578314,27.375,20.5
city_Paris_into_Tokyo,city_Paris_Tokyo,2,Paris,Tokyo,city,5,,source_patch_end_to_end,[2],[],-3.25,7.125,6.875,10.375,0.9759036144578314,27.5,20.625
city_Paris_into_Tokyo,city_Paris_Tokyo,2,Paris,Tokyo,city,6,,source_patch_end_to_end,[2],[],-3.25,7.125,6.75,10.375,0.963855421686747,27.375,20.625
city_Paris_into_Tokyo,city_Paris_Tokyo,2,Paris,Tokyo,city,7,,source_patch_end_to_end,[2],[],-3.25,7.125,6.75,10.375,0.963855421686747,27.375,20.625
city_Paris_into_Tokyo,city_Paris_Tokyo,2,Paris,Tokyo,city,8,,source_patch_end_to_end,[2],[],-3.25,7.125,6.75,10.375,0.963855421686747,27.375,20.625
city_Paris_into_Tokyo,city_Paris_Tokyo,2,Paris,Tokyo,city,9,,source_patch_end_to_end,[2],[],-3.25,7.125,6.375,10.375,0.927710843373494,27.25,20.875
city_Paris_into_Tokyo,city_Paris_Tokyo,2,Paris,Tokyo,city,10,,source_patch_end_to_end,[2],[],-3.25,7.125,5.75,10.375,0.8674698795180723,27.125,21.375
city_Paris_into_Tokyo,city_Paris_Tokyo,2,Paris,Tokyo,city,11,,source_patch_end_to_end,[2],[],-3.25,7.125,5.625,10.375,0.8554216867469879,27.125,21.5
city_Paris_into_Tokyo,city_Paris_Tokyo,2,Paris,Tokyo,city,12,,source_patch_end_to_end,[2],[],-3.25,7.125,5.625,10.375,0.8554216867469879,27.125,21.5
city_Paris_into_Tokyo,city_Paris_Tokyo,2,Paris,Tokyo,city,13,,source_patch_end_to_end,[2],[],-3.25,7.125,5.75,10.375,0.8674698795180723,27.125,21.375
city_Paris_into_Tokyo,city_Paris_Tokyo,2,Paris,Tokyo,city,14,,source_patch_end_to_end,[2],[],-3.25,7.125,5.875,10.375,0.8795180722891566,27.25,21.375
city_Paris_into_Tokyo,city_Paris_Tokyo,2,Paris,Tokyo,city,15,,source_patch_end_to_end,[2],[],-3.25,7.125,5.875,10.375,0.8795180722891566,27.125,21.25
city_Paris_into_Tokyo,city_Paris_Tokyo,2,Paris,Tokyo,city,16,,source_patch_end_to_end,[2],[],-3.25,7.125,5.75,10.375,0.8674698795180723,27.25,21.5
city_Paris_into_Tokyo,city_Paris_Tokyo,2,Paris,Tokyo,city,17,,source_patch_end_to_end,[2],[],-3.25,7.125,5.75,10.375,0.8674698795180723,27.25,21.5
city_Paris_into_Tokyo,city_Paris_Tokyo,2,Paris,Tokyo,city,18,,source_patch_end_to_end,[2],[],-3.25,7.125,5.75,10.375,0.8674698795180723,27.25,21.5
city_Paris_into_Tokyo,city_Paris_Tokyo,2,Paris,Tokyo,city,19,,source_patch_end_to_end,[2],[],-3.25,7.125,5.625,10.375,0.8554216867469879,27.375,21.75
city_Paris_into_Tokyo,city_Paris_Tokyo,2,Paris,Tokyo,city,20,,source_patch_end_to_end,[2],[],-3.25,7.125,5.625,10.375,0.8554216867469879,27.25,21.625
city_Paris_into_Tokyo,city_Paris_Tokyo,2,Paris,Tokyo,city,21,,source_patch_end_to_end,[2],[],-3.25,7.125,5.5,10.375,0.8433734939759037,27.25,21.75
city_Paris_into_Tokyo,city_Paris_Tokyo,2,Paris,Tokyo,city,22,,source_patch_end_to_end,[2],[],-3.25,7.125,5.375,10.375,0.8313253012048193,27.25,21.875
city_Paris_into_Tokyo,city_Paris_Tokyo,2,Paris,Tokyo,city,23,,source_patch_end_to_end,[2],[],-3.25,7.125,4.875,10.375,0.7831325301204819,27.125,22.25
city_Paris_into_Tokyo,city_Paris_Tokyo,2,Paris,Tokyo,city,24,,source_patch_end_to_end,[2],[],-3.25,7.125,0.0,10.375,0.3132530120481928,25.75,25.75
city_Paris_into_Tokyo,city_Paris_Tokyo,2,Paris,Tokyo,city,25,,source_patch_end_to_end,[2],[],-3.25,7.125,0.0,10.375,0.3132530120481928,25.625,25.625
city_Paris_into_Tokyo,city_Paris_Tokyo,2,Paris,Tokyo,city,26,,source_patch_end_to_end,[2],[],-3.25,7.125,-1.375,10.375,0.18072289156626506,24.75,26.125
city_Paris_into_Tokyo,city_Paris_Tokyo,2,Paris,Tokyo,city,27,,source_patch_end_to_end,[2],[],-3.25,7.125,-1.5,10.375,0.1686746987951807,24.625,26.125
city_Paris_into_Tokyo,city_Paris_Tokyo,2,Paris,Tokyo,city,28,,source_patch_end_to_end,[2],[],-3.25,7.125,-1.625,10.375,0.1566265060240964,24.625,26.25
city_Paris_into_Tokyo,city_Paris_Tokyo,2,Paris,Tokyo,city,29,,source_patch_end_to_end,[2],[],-3.25,7.125,-1.625,10.375,0.1566265060240964,24.5,26.125
city_Paris_into_Tokyo,city_Paris_Tokyo,2,Paris,Tokyo,city,30,,source_patch_end_to_end,[2],[],-3.25,7.125,-1.625,10.375,0.1566265060240964,24.5,26.125
city_Paris_into_Tokyo,city_Paris_Tokyo,2,Paris,Tokyo,city,31,,source_patch_end_to_end,[2],[],-3.25,7.125,-2.625,10.375,0.060240963855421686,23.75,26.375
city_Paris_into_Tokyo,city_Paris_Tokyo,2,Paris,Tokyo,city,32,,source_patch_end_to_end,[2],[],-3.25,7.125,-2.75,10.375,0.04819277108433735,23.625,26.375
city_Paris_into_Tokyo,city_Paris_Tokyo,2,Paris,Tokyo,city,33,,source_patch_end_to_end,[2],[],-3.25,7.125,-2.75,10.375,0.04819277108433735,23.625,26.375
city_Paris_into_Tokyo,city_Paris_Tokyo,2,Paris,Tokyo,city,34,,source_patch_end_to_end,[2],[],-3.25,7.125,-3.25,10.375,0.0,23.375,26.625
city_Paris_into_Tokyo,city_Paris_Tokyo,2,Paris,Tokyo,city,35,,source_patch_end_to_end,[2],[],-3.25,7.125,-3.25,10.375,0.0,23.375,26.625
city_Tokyo_into_Paris,city_Paris_Tokyo,2,Tokyo,Paris,city,0,,source_patch_end_to_end,[2],[],-7.125,3.25,3.25,10.375,1.0,26.625,23.375
city_Tokyo_into_Paris,city_Paris_Tokyo,2,Tokyo,Paris,city,1,,source_patch_end_to_end,[2],[],-7.125,3.25,3.25,10.375,1.0,26.625,23.375
city_Tokyo_into_Paris,city_Paris_Tokyo,2,Tokyo,Paris,city,2,,source_patch_end_to_end,[2],[],-7.125,3.25,3.25,10.375,1.0,26.625,23.375
city_Tokyo_into_Paris,city_Paris_Tokyo,2,Tokyo,Paris,city,3,,source_patch_end_to_end,[2],[],-7.125,3.25,3.375,10.375,1.0120481927710843,26.75,23.375
city_Tokyo_into_Paris,city_Paris_Tokyo,2,Tokyo,Paris,city,4,,source_patch_end_to_end,[2],[],-7.125,3.25,3.125,10.375,0.9879518072289156,26.5,23.375
city_Tokyo_into_Paris,city_Paris_Tokyo,2,Tokyo,Paris,city,5,,source_patch_end_to_end,[2],[],-7.125,3.25,3.25,10.375,1.0,26.625,23.375
city_Tokyo_into_Paris,city_Paris_Tokyo,2,Tokyo,Paris,city,6,,source_patch_end_to_end,[2],[],-7.125,3.25,3.125,10.375,0.9879518072289156,26.625,23.5
city_Tokyo_into_Paris,city_Paris_Tokyo,2,Tokyo,Paris,city,7,,source_patch_end_to_end,[2],[],-7.125,3.25,3.125,10.375,0.9879518072289156,26.625,23.5
city_Tokyo_into_Paris,city_Paris_Tokyo,2,Tokyo,Paris,city,8,,source_patch_end_to_end,[2],[],-7.125,3.25,3.125,10.375,0.9879518072289156,26.75,23.625
city_Tokyo_into_Paris,city_Paris_Tokyo,2,Tokyo,Paris,city,9,,source_patch_end_to_end,[2],[],-7.125,3.25,1.875,10.375,0.8674698795180723,26.375,24.5
city_Tokyo_into_Paris,city_Paris_Tokyo,2,Tokyo,Paris,city,10,,source_patch_end_to_end,[2],[],-7.125,3.25,1.0,10.375,0.7831325301204819,26.25,25.25
city_Tokyo_into_Paris,city_Paris_Tokyo,2,Tokyo,Paris,city,11,,source_patch_end_to_end,[2],[],-7.125,3.25,0.75,10.375,0.7590361445783133,26.0,25.25
city_Tokyo_into_Paris,city_Paris_Tokyo,2,Tokyo,Paris,city,12,,source_patch_end_to_end,[2],[],-7.125,3.25,0.75,10.375,0.7590361445783133,26.0,25.25
city_Tokyo_into_Paris,city_Paris_Tokyo,2,Tokyo,Paris,city,13,,source_patch_end_to_end,[2],[],-7.125,3.25,1.0,10.375,0.7831325301204819,26.125,25.125
city_Tokyo_into_Paris,city_Paris_Tokyo,2,Tokyo,Paris,city,14,,source_patch_end_to_end,[2],[],-7.125,3.25,0.75,10.375,0.7590361445783133,26.0,25.25
city_Tokyo_into_Paris,city_Paris_Tokyo,2,Tokyo,Paris,city,15,,source_patch_end_to_end,[2],[],-7.125,3.25,1.125,10.375,0.7951807228915663,26.125,25.0
city_Tokyo_into_Paris,city_Paris_Tokyo,2,Tokyo,Paris,city,16,,source_patch_end_to_end,[2],[],-7.125,3.25,1.0,10.375,0.7831325301204819,26.0,25.0
city_Tokyo_into_Paris,city_Paris_Tokyo,2,Tokyo,Paris,city,17,,source_patch_end_to_end,[2],[],-7.125,3.25,0.875,10.375,0.7710843373493976,25.875,25.0
city_Tokyo_into_Paris,city_Paris_Tokyo,2,Tokyo,Paris,city,18,,source_patch_end_to_end,[2],[],-7.125,3.25,1.0,10.375,0.7831325301204819,25.875,24.875
city_Tokyo_into_Paris,city_Paris_Tokyo,2,Tokyo,Paris,city,19,,source_patch_end_to_end,[2],[],-7.125,3.25,1.0,10.375,0.7831325301204819,25.875,24.875
city_Tokyo_into_Paris,city_Paris_Tokyo,2,Tokyo,Paris,city,20,,source_patch_end_to_end,[2],[],-7.125,3.25,0.75,10.375,0.7590361445783133,25.75,25.0
city_Tokyo_into_Paris,city_Paris_Tokyo,2,Tokyo,Paris,city,21,,source_patch_end_to_end,[2],[],-7.125,3.25,0.875,10.375,0.7710843373493976,25.875,25.0
city_Tokyo_into_Paris,city_Paris_Tokyo,2,Tokyo,Paris,city,22,,source_patch_end_to_end,[2],[],-7.125,3.25,0.875,10.375,0.7710843373493976,25.75,24.875
city_Tokyo_into_Paris,city_Paris_Tokyo,2,Tokyo,Paris,city,23,,source_patch_end_to_end,[2],[],-7.125,3.25,-0.25,10.375,0.6626506024096386,25.25,25.5
city_Tokyo_into_Paris,city_Paris_Tokyo,2,Tokyo,Paris,city,24,,source_patch_end_to_end,[2],[],-7.125,3.25,-4.75,10.375,0.2289156626506024,22.125,26.875
city_Tokyo_into_Paris,city_Paris_Tokyo,2,Tokyo,Paris,city,25,,source_patch_end_to_end,[2],[],-7.125,3.25,-4.75,10.375,0.2289156626506024,22.125,26.875
city_Tokyo_into_Paris,city_Paris_Tokyo,2,Tokyo,Paris,city,26,,source_patch_end_to_end,[2],[],-7.125,3.25,-6.0,10.375,0.10843373493975904,21.375,27.375
city_Tokyo_into_Paris,city_Paris_Tokyo,2,Tokyo,Paris,city,27,,source_patch_end_to_end,[2],[],-7.125,3.25,-6.0,10.375,0.10843373493975904,21.25,27.25
city_Tokyo_into_Paris,city_Paris_Tokyo,2,Tokyo,Paris,city,28,,source_patch_end_to_end,[2],[],-7.125,3.25,-6.125,10.375,0.0963855421686747,21.25,27.375
city_Tokyo_into_Paris,city_Paris_Tokyo,2,Tokyo,Paris,city,29,,source_patch_end_to_end,[2],[],-7.125,3.25,-6.0,10.375,0.10843373493975904,21.375,27.375
city_Tokyo_into_Paris,city_Paris_Tokyo,2,Tokyo,Paris,city,30,,source_patch_end_to_end,[2],[],-7.125,3.25,-6.0,10.375,0.10843373493975904,21.375,27.375
city_Tokyo_into_Paris,city_Paris_Tokyo,2,Tokyo,Paris,city,31,,source_patch_end_to_end,[2],[],-7.125,3.25,-6.625,10.375,0.04819277108433735,20.625,27.25
city_Tokyo_into_Paris,city_Paris_Tokyo,2,Tokyo,Paris,city,32,,source_patch_end_to_end,[2],[],-7.125,3.25,-6.625,10.375,0.04819277108433735,20.625,27.25
city_Tokyo_into_Paris,city_Paris_Tokyo,2,Tokyo,Paris,city,33,,source_patch_end_to_end,[2],[],-7.125,3.25,-6.625,10.375,0.04819277108433735,20.625,27.25
city_Tokyo_into_Paris,city_Paris_Tokyo,2,Tokyo,Paris,city,34,,source_patch_end_to_end,[2],[],-7.125,3.25,-7.0,10.375,0.012048192771084338,20.375,27.375
city_Tokyo_into_Paris,city_Paris_Tokyo,2,Tokyo,Paris,city,35,,source_patch_end_to_end,[2],[],-7.125,3.25,-7.125,10.375,0.0,20.25,27.375
company_Google_into_Apple,company_Apple_Google,2,Google,Apple,company,0,,source_patch_end_to_end,[2],[],-4.0,2.375,2.5,6.375,1.0196078431372548,27.375,24.875
company_Google_into_Apple,company_Apple_Google,2,Google,Apple,company,1,,source_patch_end_to_end,[2],[],-4.0,2.375,2.5,6.375,1.0196078431372548,27.375,24.875
company_Google_into_Apple,company_Apple_Google,2,Google,Apple,company,2,,source_patch_end_to_end,[2],[],-4.0,2.375,2.375,6.375,1.0,27.375,25.0
company_Google_into_Apple,company_Apple_Google,2,Google,Apple,company,3,,source_patch_end_to_end,[2],[],-4.0,2.375,2.375,6.375,1.0,27.375,25.0
company_Google_into_Apple,company_Apple_Google,2,Google,Apple,company,4,,source_patch_end_to_end,[2],[],-4.0,2.375,2.375,6.375,1.0,27.25,24.875
company_Google_into_Apple,company_Apple_Google,2,Google,Apple,company,5,,source_patch_end_to_end,[2],[],-4.0,2.375,2.375,6.375,1.0,27.375,25.0
company_Google_into_Apple,company_Apple_Google,2,Google,Apple,company,6,,source_patch_end_to_end,[2],[],-4.0,2.375,2.25,6.375,0.9803921568627451,27.375,25.125
company_Google_into_Apple,company_Apple_Google,2,Google,Apple,company,7,,source_patch_end_to_end,[2],[],-4.0,2.375,2.25,6.375,0.9803921568627451,27.375,25.125
company_Google_into_Apple,company_Apple_Google,2,Google,Apple,company,8,,source_patch_end_to_end,[2],[],-4.0,2.375,2.25,6.375,0.9803921568627451,27.375,25.125
company_Google_into_Apple,company_Apple_Google,2,Google,Apple,company,9,,source_patch_end_to_end,[2],[],-4.0,2.375,1.5,6.375,0.8627450980392157,27.125,25.625
company_Google_into_Apple,company_Apple_Google,2,Google,Apple,company,10,,source_patch_end_to_end,[2],[],-4.0,2.375,1.5,6.375,0.8627450980392157,27.125,25.625
company_Google_into_Apple,company_Apple_Google,2,Google,Apple,company,11,,source_patch_end_to_end,[2],[],-4.0,2.375,1.375,6.375,0.8431372549019608,27.0,25.625
company_Google_into_Apple,company_Apple_Google,2,Google,Apple,company,12,,source_patch_end_to_end,[2],[],-4.0,2.375,1.5,6.375,0.8627450980392157,27.125,25.625
company_Google_into_Apple,company_Apple_Google,2,Google,Apple,company,13,,source_patch_end_to_end,[2],[],-4.0,2.375,1.5,6.375,0.8627450980392157,27.125,25.625
company_Google_into_Apple,company_Apple_Google,2,Google,Apple,company,14,,source_patch_end_to_end,[2],[],-4.0,2.375,1.5,6.375,0.8627450980392157,27.0,25.5
company_Google_into_Apple,company_Apple_Google,2,Google,Apple,company,15,,source_patch_end_to_end,[2],[],-4.0,2.375,1.625,6.375,0.8823529411764706,27.125,25.5
company_Google_into_Apple,company_Apple_Google,2,Google,Apple,company,16,,source_patch_end_to_end,[2],[],-4.0,2.375,1.625,6.375,0.8823529411764706,27.125,25.5
company_Google_into_Apple,company_Apple_Google,2,Google,Apple,company,17,,source_patch_end_to_end,[2],[],-4.0,2.375,1.375,6.375,0.8431372549019608,27.0,25.625
company_Google_into_Apple,company_Apple_Google,2,Google,Apple,company,18,,source_patch_end_to_end,[2],[],-4.0,2.375,1.375,6.375,0.8431372549019608,26.875,25.5
company_Google_into_Apple,company_Apple_Google,2,Google,Apple,company,19,,source_patch_end_to_end,[2],[],-4.0,2.375,1.25,6.375,0.8235294117647058,26.75,25.5
company_Google_into_Apple,company_Apple_Google,2,Google,Apple,company,20,,source_patch_end_to_end,[2],[],-4.0,2.375,1.25,6.375,0.8235294117647058,26.75,25.5
company_Google_into_Apple,company_Apple_Google,2,Google,Apple,company,21,,source_patch_end_to_end,[2],[],-4.0,2.375,1.125,6.375,0.803921568627451,26.75,25.625
company_Google_into_Apple,company_Apple_Google,2,Google,Apple,company,22,,source_patch_end_to_end,[2],[],-4.0,2.375,1.125,6.375,0.803921568627451,26.75,25.625
company_Google_into_Apple,company_Apple_Google,2,Google,Apple,company,23,,source_patch_end_to_end,[2],[],-4.0,2.375,0.375,6.375,0.6862745098039216,26.25,25.875
company_Google_into_Apple,company_Apple_Google,2,Google,Apple,company,24,,source_patch_end_to_end,[2],[],-4.0,2.375,-1.75,6.375,0.35294117647058826,25.125,26.875
company_Google_into_Apple,company_Apple_Google,2,Google,Apple,company,25,,source_patch_end_to_end,[2],[],-4.0,2.375,-1.875,6.375,0.3333333333333333,25.0,26.875
company_Google_into_Apple,company_Apple_Google,2,Google,Apple,company,26,,source_patch_end_to_end,[2],[],-4.0,2.375,-2.625,6.375,0.21568627450980393,24.5,27.125
company_Google_into_Apple,company_Apple_Google,2,Google,Apple,company,27,,source_patch_end_to_end,[2],[],-4.0,2.375,-2.875,6.375,0.17647058823529413,24.375,27.25
company_Google_into_Apple,company_Apple_Google,2,Google,Apple,company,28,,source_patch_end_to_end,[2],[],-4.0,2.375,-2.875,6.375,0.17647058823529413,24.375,27.25
company_Google_into_Apple,company_Apple_Google,2,Google,Apple,company,29,,source_patch_end_to_end,[2],[],-4.0,2.375,-3.125,6.375,0.13725490196078433,24.25,27.375
company_Google_into_Apple,company_Apple_Google,2,Google,Apple,company,30,,source_patch_end_to_end,[2],[],-4.0,2.375,-3.0,6.375,0.1568627450980392,24.375,27.375
company_Google_into_Apple,company_Apple_Google,2,Google,Apple,company,31,,source_patch_end_to_end,[2],[],-4.0,2.375,-3.25,6.375,0.11764705882352941,24.25,27.5
company_Google_into_Apple,company_Apple_Google,2,Google,Apple,company,32,,source_patch_end_to_end,[2],[],-4.0,2.375,-3.375,6.375,0.09803921568627451,24.125,27.5
company_Google_into_Apple,company_Apple_Google,2,Google,Apple,company,33,,source_patch_end_to_end,[2],[],-4.0,2.375,-3.5,6.375,0.0784313725490196,23.875,27.375
company_Google_into_Apple,company_Apple_Google,2,Google,Apple,company,34,,source_patch_end_to_end,[2],[],-4.0,2.375,-4.0,6.375,0.0,23.625,27.625
company_Google_into_Apple,company_Apple_Google,2,Google,Apple,company,35,,source_patch_end_to_end,[2],[],-4.0,2.375,-4.0,6.375,0.0,23.625,27.625
company_Apple_into_Google,company_Apple_Google,2,Apple,Google,company,0,,source_patch_end_to_end,[2],[],-2.375,4.0,3.875,6.375,0.9803921568627451,27.625,23.75
company_Apple_into_Google,company_Apple_Google,2,Apple,Google,company,1,,source_patch_end_to_end,[2],[],-2.375,4.0,4.0,6.375,1.0,27.625,23.625
company_Apple_into_Google,company_Apple_Google,2,Apple,Google,company,2,,source_patch_end_to_end,[2],[],-2.375,4.0,3.875,6.375,0.9803921568627451,27.625,23.75
company_Apple_into_Google,company_Apple_Google,2,Apple,Google,company,3,,source_patch_end_to_end,[2],[],-2.375,4.0,3.875,6.375,0.9803921568627451,27.625,23.75
company_Apple_into_Google,company_Apple_Google,2,Apple,Google,company,4,,source_patch_end_to_end,[2],[],-2.375,4.0,3.875,6.375,0.9803921568627451,27.625,23.75
company_Apple_into_Google,company_Apple_Google,2,Apple,Google,company,5,,source_patch_end_to_end,[2],[],-2.375,4.0,3.875,6.375,0.9803921568627451,27.625,23.75
company_Apple_into_Google,company_Apple_Google,2,Apple,Google,company,6,,source_patch_end_to_end,[2],[],-2.375,4.0,3.875,6.375,0.9803921568627451,27.625,23.75
company_Apple_into_Google,company_Apple_Google,2,Apple,Google,company,7,,source_patch_end_to_end,[2],[],-2.375,4.0,3.75,6.375,0.9607843137254902,27.5,23.75
company_Apple_into_Google,company_Apple_Google,2,Apple,Google,company,8,,source_patch_end_to_end,[2],[],-2.375,4.0,3.625,6.375,0.9411764705882353,27.5,23.875
company_Apple_into_Google,company_Apple_Google,2,Apple,Google,company,9,,source_patch_end_to_end,[2],[],-2.375,4.0,3.125,6.375,0.8627450980392157,27.5,24.375
company_Apple_into_Google,company_Apple_Google,2,Apple,Google,company,10,,source_patch_end_to_end,[2],[],-2.375,4.0,3.0,6.375,0.8431372549019608,27.5,24.5
company_Apple_into_Google,company_Apple_Google,2,Apple,Google,company,11,,source_patch_end_to_end,[2],[],-2.375,4.0,2.75,6.375,0.803921568627451,27.375,24.625
company_Apple_into_Google,company_Apple_Google,2,Apple,Google,company,12,,source_patch_end_to_end,[2],[],-2.375,4.0,2.75,6.375,0.803921568627451,27.375,24.625
company_Apple_into_Google,company_Apple_Google,2,Apple,Google,company,13,,source_patch_end_to_end,[2],[],-2.375,4.0,2.75,6.375,0.803921568627451,27.25,24.5
company_Apple_into_Google,company_Apple_Google,2,Apple,Google,company,14,,source_patch_end_to_end,[2],[],-2.375,4.0,2.625,6.375,0.7843137254901961,27.25,24.625
company_Apple_into_Google,company_Apple_Google,2,Apple,Google,company,15,,source_patch_end_to_end,[2],[],-2.375,4.0,2.625,6.375,0.7843137254901961,27.25,24.625
company_Apple_into_Google,company_Apple_Google,2,Apple,Google,company,16,,source_patch_end_to_end,[2],[],-2.375,4.0,2.625,6.375,0.7843137254901961,27.25,24.625
company_Apple_into_Google,company_Apple_Google,2,Apple,Google,company,17,,source_patch_end_to_end,[2],[],-2.375,4.0,2.625,6.375,0.7843137254901961,27.25,24.625
company_Apple_into_Google,company_Apple_Google,2,Apple,Google,company,18,,source_patch_end_to_end,[2],[],-2.375,4.0,2.5,6.375,0.7647058823529411,27.25,24.75
company_Apple_into_Google,company_Apple_Google,2,Apple,Google,company,19,,source_patch_end_to_end,[2],[],-2.375,4.0,2.5,6.375,0.7647058823529411,27.25,24.75
company_Apple_into_Google,company_Apple_Google,2,Apple,Google,company,20,,source_patch_end_to_end,[2],[],-2.375,4.0,2.375,6.375,0.7450980392156863,27.25,24.875
company_Apple_into_Google,company_Apple_Google,2,Apple,Google,company,21,,source_patch_end_to_end,[2],[],-2.375,4.0,2.375,6.375,0.7450980392156863,27.125,24.75
company_Apple_into_Google,company_Apple_Google,2,Apple,Google,company,22,,source_patch_end_to_end,[2],[],-2.375,4.0,2.25,6.375,0.7254901960784313,27.125,24.875
company_Apple_into_Google,company_Apple_Google,2,Apple,Google,company,23,,source_patch_end_to_end,[2],[],-2.375,4.0,1.75,6.375,0.6470588235294118,27.0,25.25
company_Apple_into_Google,company_Apple_Google,2,Apple,Google,company,24,,source_patch_end_to_end,[2],[],-2.375,4.0,0.0,6.375,0.37254901960784315,26.375,26.375
company_Apple_into_Google,company_Apple_Google,2,Apple,Google,company,25,,source_patch_end_to_end,[2],[],-2.375,4.0,-0.125,6.375,0.35294117647058826,26.25,26.375
company_Apple_into_Google,company_Apple_Google,2,Apple,Google,company,26,,source_patch_end_to_end,[2],[],-2.375,4.0,-1.25,6.375,0.17647058823529413,25.75,27.0
company_Apple_into_Google,company_Apple_Google,2,Apple,Google,company,27,,source_patch_end_to_end,[2],[],-2.375,4.0,-1.375,6.375,0.1568627450980392,25.75,27.125
company_Apple_into_Google,company_Apple_Google,2,Apple,Google,company,28,,source_patch_end_to_end,[2],[],-2.375,4.0,-1.375,6.375,0.1568627450980392,25.75,27.125
company_Apple_into_Google,company_Apple_Google,2,Apple,Google,company,29,,source_patch_end_to_end,[2],[],-2.375,4.0,-1.5,6.375,0.13725490196078433,25.625,27.125
company_Apple_into_Google,company_Apple_Google,2,Apple,Google,company,30,,source_patch_end_to_end,[2],[],-2.375,4.0,-1.625,6.375,0.11764705882352941,25.5,27.125
company_Apple_into_Google,company_Apple_Google,2,Apple,Google,company,31,,source_patch_end_to_end,[2],[],-2.375,4.0,-1.75,6.375,0.09803921568627451,25.25,27.0
company_Apple_into_Google,company_Apple_Google,2,Apple,Google,company,32,,source_patch_end_to_end,[2],[],-2.375,4.0,-1.875,6.375,0.0784313725490196,25.125,27.0
company_Apple_into_Google,company_Apple_Google,2,Apple,Google,company,33,,source_patch_end_to_end,[2],[],-2.375,4.0,-1.875,6.375,0.0784313725490196,25.25,27.125
company_Apple_into_Google,company_Apple_Google,2,Apple,Google,company,34,,source_patch_end_to_end,[2],[],-2.375,4.0,-2.375,6.375,0.0,24.875,27.25
company_Apple_into_Google,company_Apple_Google,2,Apple,Google,company,35,,source_patch_end_to_end,[2],[],-2.375,4.0,-2.375,6.375,0.0,25.0,27.375
